Timestamp,Survey,Job Title,What is your employment status?,City,Gross Salary,Currency,What percentage salary increase did you receive in July 2020?,Additional Comments,What was your most recent performance rating?,Sector
7/31/2020 15:02:01,BL,Test Analyst,Full Time Employee,,$24.49,USD,1.20%,,Successful,AAA
7/31/2020 15:02:13,BL,Associate Software Engineer in Test,Full Time Employee,,"$79,000",USD,1.20%,,,AAA
7/31/2020 15:02:24,BL,CS,Full Time Employee,,48000,USD,0,,,AAA
7/31/2020 15:03:06,BL,Senior Technical Director II,Full Time Employee,Irvine,"144,560",USD,4,,,AAA
7/31/2020 15:03:33,BL,Senior Project Manager II,Full Time Employee,Austin,"$115,000",USD,n/a,New hire in 2020,,AAA
7/31/2020 15:03:37,BL,Tester,Contractor,Irvine,17/h,USD,,,,AAA
7/31/2020 15:03:50,BL,Test Analyst III,Full Time Employee,Irvine,26.22,USD,1,,,AAA
7/31/2020 15:03:55,BL,Associate Operations Administrator,Full Time Employee,Irvine,75750,USD,1,,,AAA
7/31/2020 15:04:46,BL,Associate Environment Artist,Full Time Employee,Irvine,"62,000",USD,2.30%,,,AAA
7/31/2020 15:04:47,BL,Specialist Game Master,Full Time Employee,Irvine,20.38,USD,5%,,,AAA
7/31/2020 15:04:58,BL,Associate Operations Admin,Full Time Employee,Irvine,$40/hr,USD,1%,,,AAA
7/31/2020 15:05:02,BL,Test Analyst,Full Time Employee,Irvine,$23.77/hr,USD,3% ($0.69),"I was hired before the QA Evolution as a QA 1. The evolution un-did my position causing my salary to be underneath the new low for Associate QA Analysts. During the QA salary corrections, they gave me $3 to help compensate. Before that I was a mid-level analyst making $19.97, less than what associate analysts were hired at. ",,AAA
7/31/2020 15:05:10,BL,Associate Producer,Full Time Employee,Irvine,36.27/hr,USD,0,,,AAA
7/31/2020 15:05:35,BL,Associate Software Engineer,Full Time Employee,Irvine,100000,USD,2,,,AAA
7/31/2020 15:06:09,BL,Test Analyst,Full Time Employee,Irvine,"$26.08/hr ($54,246)",USD,1.00%,I have been consistently high on my performance review every year. This year was a meets requirements/successful due to an email requiring managers reduce the number of high's they gave out even though I performed better than previous years. ,,AAA
7/31/2020 15:06:12,BL,Internal Technical Consultant,Full Time Employee,Austin,37232,USD,<1%,"The listed salary is after many years of ""Merit Increase"" and does not reflect the base pay for employees on this title. ",,AAA
7/31/2020 15:06:52,BL,CS In-Game Support,Full Time Employee,Austin,"35,760",USD,0%,,,AAA
7/31/2020 15:08:26,BL,Associate Producer,Full Time Employee,Irvine,"75,088",USD,5,"I received a market salary adjustment in October of last year which was a 10% increase within the same title, role, and team.",,AAA
7/31/2020 15:08:38,BL,Game Master,Full Time Employee,Austin,34798,USD,1,,,AAA
7/31/2020 15:08:58,BL,Test Analyst ,Full Time Employee,Irvine,48000,USD,1%,,,AAA
7/31/2020 15:09:03,BL,Senior Product Designer,Full Time Employee,Irvine,118000,USD,2.9,,,AAA
7/31/2020 15:09:35,BL,Senior Software Engineer 1,Full Time Employee,Irvine,"$124,000",USD,13%,13% was the promotion from mid-level to senior.,,AAA
7/31/2020 15:10:07,BL,Test Analyst,Full Time Employee,Irvine,$26.50,USD,2.5,,,AAA
7/31/2020 15:10:27,BL,Associate Software Engineer,Full Time Employee,Irvine,"87,000",USD,12.8% (promotion),,,AAA
7/31/2020 15:11:06,BL,Associate Site Reliability Engineer,Full Time Employee,Irvine,93000,USD,3.5,,,AAA
7/31/2020 15:11:11,BL,Senior Software Engineer I,Full Time Employee,Irvine,"133,000",USD,15%,"I was promoted, which affects this year's percentage.",,AAA
7/31/2020 15:11:13,BL,Senior Software Engineer I,Full Time Employee,Irvine,168500,USD,2,,,AAA
7/31/2020 15:12:15,BL,Senior Lighting Artist II,Full Time Employee,Irvine,$156K,USD,2%,,,AAA
7/31/2020 15:12:29,BL,Assistant Digital Marketing Manager,Contractor,Irvine,"$27/hr ($56,160)",USD,0,,,AAA
7/31/2020 15:12:35,BL,Senior VFX Artist I,Full Time Employee,Irvine,"$120,000",USD,2.5,,,AAA
7/31/2020 15:13:29,BL,Associate Test Analyst,Full Time Employee,Irvine,20.35,USD,1.2,,,AAA
7/31/2020 15:13:30,BL,3D Artist,Full Time Employee,Irvine,"79,000",USD,3%,,,AAA
7/31/2020 15:14:35,BL,Senior test analyst,Full Time Employee,Irvine,60k,USD,1.50%,,,AAA
7/31/2020 15:14:36,BL,Associate Test Analyst ,Contractor,Irvine,"36,000",USD,n/a,18.00/hr,,AAA
7/31/2020 15:14:57,BL,Software Developer,Full Time Employee,Irvine,151000,USD,1,,,AAA
7/31/2020 15:15:01,BL,Senior Software Engineer I,Full Time Employee,Austin,"$134,000",USD,2%,,,AAA
7/31/2020 15:15:24,BL,Game Designer,Full Time Employee,Irvine,"81,890",USD,2.50%,,,AAA
7/31/2020 15:15:43,BL,Associate Software Engineer,Full Time Employee,Irvine,46.68/hr,USD,2,,,AAA
7/31/2020 15:16:28,BL,Test Analyst,Full Time Employee,Irvine,50k,USD,8%,I had a promotion for this cycle per the 8%.,,AAA
7/31/2020 15:16:40,BL,Insights Analyst,Full Time Employee,Irvine,$50.48/hour,USD,N/A: I started in January 2020,"I was headhunted by Blizzard and this was the lowest by 10-20% of my 4 offers, including offers from startups and other large game development companies, with the highest cost of living. I was told at the time that I was already at the top of my band but have not received any information on what that band actually is, and was later told that I would likely not receive a salary raise until I got a promotion because of this, but that I was unlikely to get a promotion any time soon because there is already ""a long waitlist"" of people waiting for promotions in the department.",,AAA
7/31/2020 15:18:01,BL,Senior Software Engineer II,Full Time Employee,Austin,158000,USD,3,,,AAA
7/31/2020 15:18:55,BL,Senior Test Analyst,Full Time Employee,Irvine,70000,USD,,recent hire within last 3 months,,AAA
7/31/2020 15:19:34,BL,Senior Software Engineer I,Full Time Employee,Irvine,136947,USD,17,I was promoted from Software Engineer to Senior Software Engineer I,,AAA
7/31/2020 15:20:59,BL,Senior Software Engineer II,Full Time Employee,Austin,141000,USD,3,,,AAA
7/31/2020 15:22:07,BL,Producer,Full Time Employee,Irvine,"83,762",USD,3,Satisfactory rating,,AAA
7/31/2020 15:22:25,BL,Senior Software Engineer II,Full Time Employee,Irvine,175000,USD,4,,,AAA
7/31/2020 15:22:49,BL,Software Engineer,Full Time Employee,Irvine,109990.4,USD,0,"I only started this year, so this is my starting salary coming in at a rate of $52.88/hour.",,AAA
7/31/2020 15:24:14,BL,Game Designer,Full Time Employee,Irvine,82000,USD,2%,"""Average"" review- did not over or under perform.",,AAA
7/31/2020 15:25:25,BL,Associate Program Manager,Full Time Employee,Irvine,"65,000",USD,4,I got a high last year and I'm at 12% range penetration after the raise,,AAA
7/31/2020 15:25:37,BL,,Full Time Employee,Irvine,"$95,000",USD,5%,,,AAA
7/31/2020 15:26:10,BL,Software Engineer,Full Time Employee,Irvine,"$100,000",USD,> 10%,Salary increase includes promotion,,AAA
7/31/2020 15:26:31,BL,Game Designer,Full Time Employee,Irvine,$41/hr,USD,1%,,,AAA
7/31/2020 15:26:38,BL,Associate User Researcher,Full Time Employee,Irvine,69160,USD,1.2,The time I spent contracting was not considered to be part of my time spent employed at Blizzard.,,AAA
7/31/2020 15:26:41,BL,Test Lead II,Full Time Employee,Irvine,"95,200",USD,2%,feels high until you realize how far it doesn't go and what the going rate is at other places. ,,AAA
7/31/2020 15:27:16,BL,Animator,Full Time Employee,Irvine,"$89,000",USD,2.50%,,,AAA
7/31/2020 15:27:27,BL,User Researcher,Full Time Employee,Irvine,"$94,000",USD,7.3% (with promotion),,,AAA
7/31/2020 15:27:56,BL,Test Analyst,Full Time Employee,Irvine,$25.48/hr,USD,N/A,,,AAA
7/31/2020 15:28:27,BL,Senior Game Producer II,Full Time Employee,Irvine,"142,000.00",USD,10% (for a promotion Senior I to Senior II) ,,,AAA
7/31/2020 15:28:37,BL,Associate Game Designer,Full Time Employee,Irvine,"$68,000",USD,2%,,,AAA
7/31/2020 15:29:03,BL,Senior QA Analyst,Full Time Employee,Irvine,53000,USD,11%,Only went up that high because I got a promotion. Even as a senior I know some regular TA make more than I do. ,,AAA
7/31/2020 15:29:40,BL,Senior VFX Artist,Full Time Employee,Irvine,104000,USD,10,Salary increase includes merit raise + promotion,,AAA
7/31/2020 15:32:54,BL,Senior Administrative Assistant ,Full Time Employee,Irvine,"$57,000",USD,,,,AAA
7/31/2020 15:33:08,BL,Senior Test Analyst I,Full Time Employee,Irvine,"65,000",USD,2.50%,I was a high performer.,,AAA
7/31/2020 15:41:30,BL,Tester,Contractor,Irvine,18/hr,USD,N/A,"New hire, no prior experience, fresh college grad",,AAA
7/31/2020 15:42:43,BL,Senior Test Analyst,Full Time Employee,Irvine,"55,000",USD,0,,,AAA
7/31/2020 15:42:59,BL,Producer,Full Time Employee,Irvine,82000,USD,2%,,,AAA
7/31/2020 15:48:28,BL,Senior Program Manager,Full Time Employee,Irvine,100000,USD,3,,,AAA
7/31/2020 15:50:20,BL,Associate Character Artist,Full Time Employee,Irvine,65000,USD,newer hire unknown ,,,AAA
7/31/2020 15:51:46,BL,Technical Writer,Full Time Employee,Irvine,"$68,869",USD,6%,,,AAA
7/31/2020 15:52:14,BL,Senior Test Analyst,Full Time Employee,Irvine,"60,902",USD,1.5,,,AAA
7/31/2020 15:54:10,BL,Senior I VFX Artist,Full Time Employee,Irvine,"$117,000",USD,3%,"""High"" performance rating/review",,AAA
7/31/2020 15:54:23,BL,Choose not to disclose,Contractor,Irvine,"$80,000 (rounded)",USD,0%,Nothing that isn't identifying.,,AAA
7/31/2020 15:54:42,BL,Test Analyst,Full Time Employee,Irvine,"48,610",USD,1.3,,,AAA
7/31/2020 15:55:33,BL,Game Designer,Full Time Employee,Irvine,"87, 298",USD,4,,,AAA
7/31/2020 15:55:38,BL,Senior Producer,Full Time Employee,Irvine,119000,USD,1.80%,,,AAA
7/31/2020 15:56:27,BL,Test Analyst,Full Time Employee,Irvine,$23.37\hr,USD,1.30%,,,AAA
7/31/2020 16:00:04,BL,Senior Technical Artist I,Full Time Employee,Irvine,"125,000",USD,,,Successful,AAA
7/31/2020 16:00:48,BL,Assistant Digital Marketing Manager,Contractor,Irvine,$27/hr,USD,0,,,AAA
7/31/2020 16:01:58,BL,Senior Test Analyst II,Full Time Employee,Irvine,"66,019",USD,10,,,AAA
7/31/2020 16:03:10,BL,Software Engineer,Full Time Employee,Irvine,"115,000",USD,,new hire,,AAA
7/31/2020 16:07:28,BL,Team Manager,Full Time Employee,Cork,"54,000 euro",EUR,3,"equivalent is 63,500 in USD",High,AAA
7/31/2020 16:10:13,BL,Game Designer,Full Time Employee,Irvine,102000,USD,2,,Successful,AAA
7/31/2020 16:12:56,BL,Software Engineer,Full Time Employee,Irvine,121000,USD,0,New employee not eligible for increase this year,,AAA
7/31/2020 16:14:29,BL,3d Artist(character),Full Time Employee,Irvine,82000,USD,2,,Successful,AAA
7/31/2020 16:14:35,BL,Software Engineer,Full Time Employee,Irvine,"120,000",USD,,new hire 2020,,AAA
7/31/2020 16:15:14,BL,Test analyst,Full Time Employee,Irvine,26.65 hr,USD,2.5,,High,AAA
7/31/2020 16:15:33,BL,Technical Test Analyst,Full Time Employee,Irvine,61027,USD,3.5,,,AAA
7/31/2020 16:17:44,BL,Senior Test Analyst,Full Time Employee,Irvine,"58,000",USD,1.5,,Successful,AAA
7/31/2020 16:19:30,BL,Senior Test Analyst II,Full Time Employee,Irvine,~$33.00,USD,12,,,AAA
7/31/2020 16:20:38,BL,FX Artist,Contractor,Irvine,"74,100",USD,,New Hire,,AAA
7/31/2020 16:22:04,BL,Associate Site Reliability Engineer,Full Time Employee,Irvine,"$112,195",USD,2,,,AAA
7/31/2020 16:24:35,BL,Senior Producer I,Full Time Employee,Irvine,"120,000",USD,3.5,,High,AAA
7/31/2020 16:27:52,BL,Software Engineer,Full Time Employee,Irvine,114400,USD,4,,High,AAA
7/31/2020 16:28:17,BL,Program Manager,Full Time Employee,Irvine,"$82,971",USD,3,,High,AAA
7/31/2020 16:29:46,BL,Senior Artist I,Full Time Employee,Irvine,"106,000",USD,2.5,,Successful,AAA
7/31/2020 16:30:11,BL,,Full Time Employee,Irvine,153000,USD,2,"I’m earning net 8% less than I did in 2016 due to a promotion that took me from hourly to salary, and the company not once making bonus performance targets since then. ",Successful,AAA
7/31/2020 16:30:51,BL,3D Artist,Full Time Employee,Irvine,"82,000",USD,2,,Successful,AAA
7/31/2020 16:30:51,BL,Associate Product Manager,Full Time Employee,Irvine,67672,USD,0,,Successful,AAA
7/31/2020 16:32:35,BL,Senior Software Engineer I,Full Time Employee,Irvine,"135,000",USD,2.5,"I took a reduction in role to come here, and have had time in seat used against me to argue against a promotion",Successful,AAA
7/31/2020 16:32:43,BL,Test Analyst,Full Time Employee,Irvine,"61,526",USD,1,"I've been at Blizzard for 16 years from QA, to Cineimatics, to Heroes of the Storm, and then back to QA after the cut. My salary, I feel, should be much higher especially after those 10+ years in an Animation Development position. ",Successful,AAA
7/31/2020 16:33:13,BL,Test Analyst ,Full Time Employee,Irvine,$24,USD,3,,Successful,AAA
7/31/2020 16:34:17,BL,Associate 3D Artist,Full Time Employee,Irvine,"62,000",USD,3.5,,,AAA
7/31/2020 16:37:51,BL,VFX Artist,Full Time Employee,Irvine,85000,USD,9.5,Promoted from associate,High,AAA
7/31/2020 16:38:41,BL,,Full Time Employee,Irvine,92k,USD,7,This came with a title adjustment and movement to salaried which means I'll most likely be making less money in 2021.,Top,AAA
7/31/2020 16:38:45,BL,Associate Software Engineer in Test,Full Time Employee,Irvine,80496,USD,5.4,,High,AAA
7/31/2020 16:39:27,BL,Test Analyst,Full Time Employee,Irvine,52416,USD,1.2,,Successful,AAA
7/31/2020 16:40:15,BL,Technical test analyst,Full Time Employee,Irvine,68k/ yr,USD,1.3,,Successful,AAA
7/31/2020 16:40:56,BL,Test Analyst,Full Time Employee,Irvine,"49,442",USD,3,,High,AAA
7/31/2020 16:41:39,BL,3D Artist,Full Time Employee,Irvine,79000,USD,,increase was between 3-4%. My increase this year was ~20 cents higher than last year.,Successful,AAA
7/31/2020 16:42:10,BL,Senior Test Analyst 1,Full Time Employee,Irvine,29.20/hr,USD,1.5,,Successful,AAA
7/31/2020 16:43:09,BL,Senior Designer II,Full Time Employee,Irvine,"$135,124",USD,4.5,,High,AAA
7/31/2020 16:43:19,BL,Project Manager,Full Time Employee,Irvine,90000,USD,7.4,I started at a GM in 2008 with $9.50 an hour,Successful,AAA
7/31/2020 16:43:32,BL,Senior Designer II,Full Time Employee,Irvine,"$154,000",USD,2,,Successful,AAA
7/31/2020 16:44:13,BL,Senior Test Analyst I,Full Time Employee,Irvine,"$61,194",USD,1.5,,Successful,AAA
7/31/2020 16:44:55,BL,Test Analyst,Full Time Employee,Irvine,56000,USD,0,New hire for 2020,Successful,AAA
7/31/2020 16:46:15,BL,Senior Test Analyst II,Full Time Employee,Irvine,66019,USD,10,,Top,AAA
7/31/2020 16:46:34,BL,Anonymous,Full Time Employee,Irvine,Anonymous,USD,1,,High,AAA
7/31/2020 16:46:58,BL,Associate Technical Test Analyst,Full Time Employee,Irvine,"69,950",USD,1.2,"I received a 1 dollar raise for my merit last year. This year, after these ""compensation improvements"" and performing even better than I did last year, I was awarded an additional 42 cents. Less than half of what I got last year. This is disgusting. Absolutely disgusting and insulting to the highest degree. Activision Blizzard should be absolutely ashamed, and the individuals and executives responsible for approving this and allowing this to happen need to be held accountable.",High,AAA
7/31/2020 16:50:04,BL,Customer Support,Full Time Employee,Austin,$16.34,USD,1,Near smack dab in the middle of my pay band,Successful,AAA
7/31/2020 16:51:51,BL,Technical Manager,Full Time Employee,Irvine,43.5,USD,,,,AAA
7/31/2020 16:52:04,BL,Senior Designer I,Full Time Employee,Irvine,"107,000",USD,17,promoted this cycle,High,AAA
7/31/2020 16:54:18,BL,Test Analyst,Full Time Employee,Irvine,24.31,USD,1.2,Bumped to 24.01 from 16.50 by competing offer in 2019,Successful,AAA
7/31/2020 16:54:42,BL,Senior Artist I,Full Time Employee,Irvine,"100,000",USD,,,,AAA
7/31/2020 16:56:11,BL,Game Designer,Full Time Employee,Irvine,"86,340 (41.51/hr)",USD,3.5,,,AAA
7/31/2020 17:02:31,BL,Test Analyst,Full Time Employee,Irvine,"$50,045 / $24",USD,4,,High,AAA
7/31/2020 17:03:44,BL,Cinematic Animator - Temp,Contractor,Irvine,$50/hour,USD,0,"Temps in SFD don't actually get performance reviews, so I rated myself as ""Successful"" because that's the level I assume I'd be at based on the 1:1s I've received.",Successful,AAA
7/31/2020 17:05:33,BL,Program Manager,Full Time Employee,Irvine,"$98,495",USD,1,,Successful,AAA
7/31/2020 17:07:56,BL,Test Analyst,Full Time Employee,Irvine,"$22.27/h, $46.3k annual",USD,1.5,,Successful,AAA
7/31/2020 17:12:37,BL,,Full Time Employee,Irvine,153000,USD,2,"I’m earning net 8% less than I did in 2016 due to a promotion that took me from hourly to salary, and the company not once making bonus performance targets since then. ",Successful,AAA
7/31/2020 17:15:38,BL,3d artist,Full Time Employee,Irvine,78k,USD,,,,AAA
7/31/2020 17:19:09,BL,Test Analyst,Full Time Employee,Irvine,52000,USD,3,,High,AAA
7/31/2020 17:21:17,BL,Senior QA Analyst 1,Full Time Employee,Irvine,73570,USD,3,Last year as a high performer I received a 2.9% increase. Anecdotally it seems very weird to have the merit increase from high to top be 0.1% pay.,Top,AAA
7/31/2020 17:32:47,BL,senior producer 1,Full Time Employee,Irvine,120000,USD,6,promotion,High,AAA
7/31/2020 17:32:55,BL,Senior Test Analyst,Full Time Employee,Irvine,26.67,USD,10,,Top,AAA
7/31/2020 17:33:19,BL,Game Producer,Full Time Employee,Irvine,"102,856",USD,4,,High,AAA
7/31/2020 17:34:26,BL,Senior Software Engineer I,Full Time Employee,Irvine,153900,USD,2.6,,High,AAA
7/31/2020 17:41:21,BL,Associate Product Manager,Full Time Employee,Irvine,"83,970",USD,10.5,"I got a new title for 2020. Went from Assc Program Manager to Assc Product Manager, which is probably what the 10.5% increase reflects (a change in pay band type). Not sure how educational credentials impact pay at AB but I have a MBA.",High,AAA
7/31/2020 17:41:27,BL,Associate Operations Administrator,Full Time Employee,Irvine,33.95/hr,USD,1.3,,,AAA
7/31/2020 17:41:53,BL,Associate Artist,Full Time Employee,Irvine,"$72,000",USD,3,,,AAA
7/31/2020 17:45:15,BL,Senior Software Engineer I,Full Time Employee,Irvine,121000,USD,,,Successful,AAA
7/31/2020 17:50:49,BL,Test Analyst,Full Time Employee,Irvine,$24.49/hr,USD,1.2,Been here for 12 years and have never been below average or low performer.,Successful,AAA
7/31/2020 17:59:31,BL,Senior Test Lead,Full Time Employee,Irvine,"$90,000.00",USD,20,,High,AAA
7/31/2020 17:59:33,BL,,Full Time Employee,Irvine,"82,000",USD,2.5,Role is not on game dev team,High,AAA
7/31/2020 18:07:01,BL,,Full Time Employee,Irvine,195000,USD,2,Currently hold the highest title in my team with a couple others.,High,AAA
7/31/2020 18:09:44,BL,"Analyst, Threat Intelligence and Partner Services",Full Time Employee,Irvine,"66,310",USD,2,I will share in Slack when I collect my history.,Top,AAA
7/31/2020 18:31:39,BL,Associate Software Engineer,Full Time Employee,Irvine,"86,000",USD,,,,AAA
7/31/2020 18:32:22,BL,Software Engineer,Full Time Employee,Irvine,117000,USD,3,,Successful,AAA
7/31/2020 18:32:49,BL,Sr. Project Manager I,Full Time Employee,Irvine,151000,USD,2.1,,Successful,AAA
7/31/2020 18:43:03,BL,Associate Concept Artist,Full Time Employee,Irvine,75000,USD,,,,AAA
7/31/2020 19:06:04,BL,Associate UX Designer,Full Time Employee,Irvine,87900,USD,6,,Successful,AAA
7/31/2020 19:17:23,BL,Level Designer,Full Time Employee,Irvine,88400,USD,2.5,,High,AAA
7/31/2020 19:27:42,BL,Level Designer,Full Time Employee,Irvine,"78,957",USD,3,,High,AAA
7/31/2020 19:32:12,BL,Senior Designer II,Full Time Employee,Irvine,"149,000",USD,2.5,,High,AAA
7/31/2020 19:44:29,BL,Software Engineer,Full Time Employee,Irvine,"$100,900",USD,10,3 years as mid-level Engineer,High,AAA
7/31/2020 19:44:48,BL,Senior Software Engineer I,Full Time Employee,Irvine,"147,000",USD,18,,Top,AAA
7/31/2020 20:15:53,BL,Associate Manager,Full Time Employee,Irvine,"$64,958",USD,5,,High,AAA
7/31/2020 20:19:30,BL,,Full Time Employee,Irvine,,USD,,,,AAA
7/31/2020 20:31:10,BL,Lead Game Designer,Full Time Employee,Irvine,140000,USD,11,,Top,AAA
7/31/2020 20:36:34,BL,Senior 1,Full Time Employee,Irvine,110000,USD,2.5,,Successful,AAA
7/31/2020 20:42:57,BL,Senior Producer,Full Time Employee,Irvine,"110,000",USD,15,Increase includes promotion,High,AAA
7/31/2020 20:46:43,BL,Test Analyst,Full Time Employee,Irvine,$24.94/hr,USD,1.3,,Successful,AAA
7/31/2020 20:51:38,BL,Software Engineer,Full Time Employee,Irvine,108000,USD,3.2,,Successful,AAA
7/31/2020 20:54:32,BL,Associate Software Engineer in Test,Full Time Employee,Irvine,79000,USD,3.5,,Successful,AAA
7/31/2020 20:59:41,BL,Senior 1,Full Time Employee,Irvine,110000,USD,2.5,,Successful,AAA
7/31/2020 21:08:56,BL,Senior Designer I,Full Time Employee,Irvine,"100,000",USD,2,Received 10% salary adjustment due to gender pay disparity a few years ago.,,AAA
7/31/2020 21:33:15,BL,Software Engineer,Full Time Employee,Irvine,"$120,000",USD,3,,Successful,AAA
7/31/2020 21:46:09,BL,Associate Game Producer,Full Time Employee,Irvine,"68,349 or 32.86phr",USD,2,"I suffer from been an internal hire for my current position. Which means I've always been low on my pay band, in my previous job and have never seen and adjustment. I'll never break 90k at blizzard.",Successful,AAA
7/31/2020 21:47:44,BL,Senior Software Engineer II,Full Time Employee,Austin,154500,USD,3,In bottom third of range penetration,Successful,AAA
7/31/2020 22:16:01,BL,Senior Designer,Full Time Employee,Irvine,"109,038",USD,2,,Successful,AAA
7/31/2020 22:18:05,BL,Graphic Designer,Full Time Employee,Irvine,"$102,502",USD,2,"Joined October 2017 - $42.31/hr (~$88k annual)
February 2019 - $48.31/hr (~$100k annual)
July 2020 - $49.28/hr (~$102k annual)",High,AAA
7/31/2020 22:48:12,BL,Senior Producer I,Full Time Employee,Irvine,"$124,000",USD,3.5,I was told this the lower half of the pay range. ,High,AAA
7/31/2020 23:15:48,BL,Associate Software Engineer,Full Time Employee,Irvine,80k,USD,0,I started in last 6 months,Developing,AAA
7/31/2020 23:21:15,BL,Sr. Test analyst,Full Time Employee,Irvine,60000,USD,1.5,,Successful,AAA
8/1/2020 0:01:56,BL,Senior Software Engineer I,Full Time Employee,Irvine,"$147,723.03",USD,2.9,,High,AAA
8/1/2020 0:19:05,BL,Specialist Game Master,Full Time Employee,Cork,37318,EUR,2.3,3.2% last year for the same rating. Salary band moved to 38300 this year,High,AAA
8/1/2020 1:42:16,BL,community developement manager,Full Time Employee,versailles,60k,EUR,2.5,,Successful,AAA
8/1/2020 3:01:35,BL,Senior Software Engineer II,Full Time Employee,Irvine,174556,USD,3.1,,Successful,AAA
8/1/2020 3:32:13,BL,Game Master,Full Time Employee,Cork,"29388,64 eur",EUR,1.2,it comes to ~30eur/mo while just a rent is increasing 50eur/mo a year,Successful,AAA
8/1/2020 3:51:32,BL,Specialist Game Master,Full Time Employee,Cork,"€34,160.73",EUR,1,,Successful,AAA
8/1/2020 3:55:46,BL,Customer Support Representative,Full Time Employee,Cork,"34,925€",EUR,2.5,Previous increments have been ~3.3%-4.5%. The backdating gives ~same as previous years but will mean lower amounts on upcoming years. Profit sharing for CS is also pathetic.,High,AAA
8/1/2020 4:11:32,BL,Game Master,Full Time Employee,Cork,28000,EUR,1,,Successful,AAA
8/1/2020 4:25:33,BL,Specialist Game Master,Full Time Employee,Cork,"€36468,94",EUR,1,,Successful,AAA
8/1/2020 4:28:05,BL,Game Master TR,Full Time Employee,Cork,"41,221",EUR,0,new hire,Successful,AAA
8/1/2020 4:29:34,BL,Specialist Gamemaster,Full Time Employee,"Cork, Ireland","37872,06",EUR,2.2,,High,AAA
8/1/2020 6:48:25,BL,"Team Manager, CS",Full Time Employee,Versailles,60078,EUR,3.5,"51,000.00 Euro",High,AAA
8/1/2020 7:19:04,BL,Technical Lead,Full Time Employee,Irvine,"185,000",USD,3,,High,AAA
8/1/2020 10:57:24,BL,,Full Time Employee,Irvine,"147,000",USD,4,,Top,AAA
8/1/2020 11:53:14,BL,Associate Operations Engineer,Full Time Employee,Irvine,101005,USD,1,,Successful,AAA
8/1/2020 12:21:37,BL,Senior Software Engineer II,Full Time Employee,Irvine,170000,USD,2.8,,High,AAA
8/1/2020 12:22:14,BL,Associate Data Engineer,Full Time Employee,Irvine,$43.97/hr,USD,1.2,This pay reflects 1.5 years working at Blizzard,Successful,AAA
8/1/2020 12:42:26,BL,"Team Manager, Customer Service",Full Time Employee,Austin,"58,458",USD,1.3,,Successful,AAA
8/1/2020 13:27:27,BL,Game Master,Full Time Employee,Austin,33987,USD,1,This was the smallest raise I've ever gotten over my 5 years.,Successful,AAA
8/1/2020 15:20:12,BL,Senior Concept Artist II,Full Time Employee,Irvine,"135,596",USD,14,I received a promotion in July as well as salary increase.,Top,AAA
8/1/2020 16:10:55,BL,Associate Software Engineer,Full Time Employee,Irvine,"93,000",USD,2,,Successful,AAA
8/1/2020 16:51:13,BL,Senior QA Tester,Full Time Employee,Irvine,"$62,000",USD,4.5,,High,AAA
8/1/2020 17:34:52,BL,"Associate PM (my range is on the same scale as PM, but not my actual title)",Full Time Employee,Irvine,"$70,000",USD,0,,Successful,AAA
8/1/2020 19:58:11,BL,Senior Designer 1,Full Time Employee,Irvine,124000,USD,13.5,Promotion thus affecting my % salary increase,,AAA
8/1/2020 20:01:45,BL,Software Engineer,Full Time Employee,Irvine,112850,USD,3.5,,High,AAA
8/2/2020 3:31:22,BL,CS Champion,Full Time Employee,Cork,39K EUR,EUR,4,,High,AAA
8/2/2020 4:06:44,BL,Specialist Game Master,Full Time Employee,Cork,36000,EUR,1,"13 year veteran, usually getting 3% or higher raises.",Successful,AAA
8/2/2020 4:39:31,BL,CS Supervisor,Full Time Employee,Versailles,45k €,EUR,1,,Successful,AAA
8/2/2020 8:31:54,BL,Specialist Game Master,Full Time Employee,Austin,"$40,019",USD,1.26,This is the lowest raise I've received in the 7 years I've been working for Blizzard.,Successful,AAA
8/2/2020 13:52:36,BL,Game Master,Full Time Employee,Austin,"34,486",USD,2.5,,Successful,AAA
8/2/2020 21:26:00,BL,Principal Software Engineer,Full Time Employee,Irvine,216856,USD,2.5,,High,AAA
8/2/2020 23:30:32,BL,Senior Software Engineer I,Full Time Employee,Austin,"135,000",USD,2.5,,High,AAA
8/3/2020 3:46:08,BL,"Producer, Creative Production",Full Time Employee,Versailles,37500,EUR,2,Have always had increases in the 2 to 3 percent region even with High performance due to the bell curve system and arbitrary number restrictions on who can get bigger increases. Have entertained options at other companies that have offered up to x2.5 as much in terms of salary in cheaper CoL areas.,Successful,AAA
8/3/2020 4:16:15,BL,Project Manager,Full Time Employee,Versailles,47500,EUR,1,,Successful,AAA
8/3/2020 6:48:49,BL,Team Manager,Full Time Employee,Cork,58000,EUR,3,,High,AAA
8/3/2020 8:29:11,BL,Specialist Game Master,Full Time Employee,Austin,40019,USD,1.26,"After the complaints in 2018 about CS salary, my CoL raise jumped my pay to $5000 more a year. This year was my smallest raise yet.",Successful,AAA
8/3/2020 8:32:47,BL,Receptionist,Full Time Employee, Cork,36939,EUR,10.2,,High,AAA
8/3/2020 8:51:08,BL,Software Engineer,Full Time Employee,Irvine,117000,USD,2,,High,AAA
8/3/2020 11:03:49,BL,Software Engineer,Full Time Employee,Irvine,136780,USD,1,,Successful,AAA
8/3/2020 11:06:03,BL,Software Engineer,Full Time Employee,Irvine,100000,USD,11.3,Joined early 2019 fresh undergrad. Promoted,High,AAA
8/3/2020 11:09:08,BL,Associate Program Manager,Full Time Employee,Irvine,"70,000",USD,0,,Successful,AAA
8/3/2020 11:14:23,BL,Senior 3d Artist II,Full Time Employee,Irvine,"$139,000",USD,3,,Successful,AAA
8/3/2020 11:26:08,BL,Test Analyst,Full Time Employee,Irvine,"49,600",USD,3,,High,AAA
8/3/2020 11:30:34,BL,Customer Support Specialist Game Master,Full Time Employee,Versailles,"37,172 EUR",EUR,2.2,"salary is about 43,672 in $",High,AAA
8/3/2020 11:30:34,BL,Motion Graphics Designer,Full Time Employee,Irvine,"79,000",USD,1.5,,Successful,AAA
8/3/2020 11:42:30,BL,Test Analyst,Full Time Employee,Irvine,"50,939",USD,1.2,,Successful,AAA
8/3/2020 11:42:55,BL,Associate Software Engineer,Full Time Employee,New York,"80,000",USD,10,,High,AAA
8/3/2020 11:43:11,BL,Associate User Researcher,Full Time Employee,Irvine,"81,000",USD,1.2,,Successful,AAA
8/3/2020 12:04:57,BL,Program Manager,Full Time Employee,Irvine,"100,000",USD,0,I didn't get a merit increase this year because I switched roles. ,Successful,AAA
8/3/2020 12:11:05,BL,Associate Test Analyst,Full Time Employee,Irvine,"42,328",USD,1.2,,Successful,AAA
8/3/2020 12:20:51,BL,Senior Software Engineer,Full Time Employee,Irvine,"$152,000",USD,2,"I received a 4% increase ""market adjustment"" in October 2019",Successful,AAA
8/3/2020 12:22:48,BL,Software Engineer ,Full Time Employee,Irvine,110k,USD,18.6,"I have been the bottom of my salary range for going on three years, and received this pay bump to match my peers. In regard to transparency, I still do not know where I am in the pay band, how my salary increase was computed (and how they compute them in general, considering most engineering salaries at Blizz seem to be 50% of other tech companies), and I have not been totally clear on why I get certain amounts for profit sharing throughout the past three years. I'm happy to have gotten a raise to be at par with my fellow co workers, but am sad at the extreme lack of transparency for everyone. ",Top,AAA
8/3/2020 12:23:46,BL,,Full Time Employee,Irvine,197,USD,2,,Successful,AAA
8/3/2020 12:32:12,BL,Test Analyst,Full Time Employee,Irvine,24.49,USD,1.2,,Successful,AAA
8/3/2020 12:38:53,BL,Senior Test Analyst I,Full Time Employee,Irvine,65600,USD,1,,Successful,AAA
8/3/2020 12:41:16,BL,Game Master,Full Time Employee,Austin,31803,USD,4.5,"Started in October, was promoted from AGM to GM recently as well.",Successful,AAA
8/3/2020 12:56:59,BL,Senior Software Engineer 1,Full Time Employee,Irvine,147500,USD,0,,Developing,AAA
8/3/2020 13:26:37,BL,Associate 3D Artist,Full Time Employee,Irvine,"$71,739",USD,2.5,Started summer 2019,Successful,AAA
8/3/2020 13:30:39,BL,Senior Artist I,Full Time Employee,Irvine,"100,000",USD,,When I started as an associate I only made $40k,Top,AAA
8/3/2020 13:33:05,BL,Program Manager,Full Time Employee,Irvine,"92,247",USD,2.5,,High,AAA
8/3/2020 13:37:29,BL,Associate Data Scientist,Full Time Employee,Irvine,73000,USD,1.2,,High,AAA
8/3/2020 13:44:29,BL,Program Manager,Full Time Employee,Irvine,"92,000",USD,0,Promotions only came from swapping internal roles.,Successful,AAA
8/3/2020 13:48:37,BL,Specialist Game Master,Full Time Employee,Austin,43181,USD,2,This was my first raise since 2018 due to having been payband capped.,High,AAA
8/3/2020 13:50:01,BL,Senior Program Manager,Full Time Employee,Irvine,110635,USD,2,,Successful,AAA
8/3/2020 13:51:03,BL,Animator,Full Time Employee,Irvine,"$92,300",USD,2.5,,High,AAA
8/3/2020 13:51:21,BL,Test Analyst,Full Time Employee,Irvine,24.52/hour,USD,,New Hire for 2020,,AAA
8/3/2020 13:53:10,BL,Associate test analyst,Full Time Employee,Irvine,"$41,808  or $20.10/hr",USD,1.2,Been here 5+ years,Successful,AAA
8/3/2020 13:55:19,BL,Senior Animator 1,Full Time Employee,Irvine,97000,USD,,,High,AAA
8/3/2020 13:55:48,BL,Associate Test Analyst,Full Time Employee,Irvine,20.44,USD,1.2,,High,AAA
8/3/2020 14:00:15,BL,,Full Time Employee,Irvine,110700,USD,2,,High,AAA
8/3/2020 14:04:22,BL,Senior Test Analyst I,Full Time Employee,Irvine,26.61/hr,USD,10,,Successful,AAA
8/3/2020 14:07:51,BL,Test Analyst,Full Time Employee,Irvine,50939,USD,1.2,"Been told I'm ""near cap"" of my payband for several consecutive years.",Successful,AAA
8/3/2020 14:10:24,BL,Test Analyst,Full Time Employee,Irvine,"55,598",USD,2.5,,High,AAA
8/3/2020 14:10:48,BL,Game Producer,Full Time Employee,Irvine,"$87,000",USD,3.5,,Successful,AAA
8/3/2020 14:11:33,BL,Associate Technical Artist,Full Time Employee,Irvine,$40/hour,USD,0,"New hire, not eligible for raise or review",,AAA
8/3/2020 14:14:41,BL,Senior Test Analyst I,Full Time Employee,Irvine,"62,000",USD,1,,Successful,AAA
8/3/2020 14:17:26,BL,Senior Software Engineer I,Full Time Employee,Irvine,"$147,000",USD,2.4,,High,AAA
8/3/2020 14:24:08,BL,Senior Software Engineer I,Full Time Employee,Irvine,151000,USD,2,,,AAA
8/3/2020 14:25:13,BL,Associate Gameplay Engineer,Full Time Employee,Irvine,96000,USD,3.5,,High,AAA
8/3/2020 14:28:15,BL,Game Designer,Full Time Employee,Irvine,"82,000",USD,,,Successful,AAA
8/3/2020 14:40:40,BL,Customer Service Champion,Full Time Employee,Austin,"45,448",USD,1,10+ years,Successful,AAA
8/3/2020 14:44:53,BL,Specialist Game Master,Full Time Employee,Austin,"37,190",USD,8,My High Increase is solely due to a promotion from GM to Specialist GM,High,AAA
8/3/2020 14:53:03,BL,Cloud Systems Engineer,Full Time Employee,Irvine,$62.50/hour,USD,,New hire early 2020,,AAA
8/3/2020 14:53:08,BL,Senior Artist I,Full Time Employee,Irvine,"103,000",USD,3,,High,AAA
8/3/2020 15:00:02,BL,Senior Designer I,Full Time Employee,Irvine,"$125,000",USD,2.5,,Successful,AAA
8/3/2020 15:01:44,BL,Senior Designer I,Full Time Employee,Irvine,"$125,000",USD,2.5,,Successful,AAA
8/3/2020 15:10:22,BL,Producer,Full Time Employee,Irvine,"85,200",USD,,,,AAA
8/3/2020 15:15:07,BL,Senior Analyst,Full Time Employee,Irvine,90000,USD,2,,High,AAA
8/3/2020 15:23:39,BL,Associate Esports Manager,Full Time Employee,Irvine,"67,621",USD,1,,Successful,AAA
8/3/2020 15:33:05,BL,Associate 3D Artist,Full Time Employee,Irvine,"62,000",USD,2.1,Hired Summer 2019,Successful,AAA
8/3/2020 15:33:36,BL,Test Analyst,Full Time Employee,Irvine,50000,USD,1.2,"Annual evaluations are being used to justify lower increases instead of being a reflection of the employee's actual performance. Ever wonder why your annual appraisal looks just like your self review, but with the added bonus of highlighting your mistakes and how they keep you from that ever elusive next tier upwards? ",Successful,AAA
8/3/2020 15:33:36,BL,Finance/Accounting/Operations/Strategy,Full Time Employee,Irvine,,USD,2,"2% is below the 2020 COLA per the UC School Systems, which was 3.12%.  2020 COLA (cost of living adjustment) was based on the average increase in the Consumer Price Index (CPI) measured from February 2019 to February 2020 for the Los Angeles and San Francisco metropolitan areas.  https://ucnet.universityofcalifornia.edu/news/2020/03/2020-cost-of-living-adjustments-announced.html",High,AAA
8/3/2020 15:33:53,BL,Software Engineer,Full Time Employee,Irvine,"105,000",USD,0,New Hire,,AAA
8/3/2020 15:45:57,BL,Principal Software Engineer,Full Time Employee,Irvine,"204,000",USD,2,,Successful,AAA
8/3/2020 15:55:59,BL,Senior Test Analyst I,Full Time Employee,Irvine,25.85,USD,12,Was promoted this period,Top,AAA
8/3/2020 16:03:13,BL,CS Champion,Full Time Employee,Cork,"$47,179",EUR,1,Started as  GM in 2007,High,AAA
8/3/2020 16:06:21,BL,Senior Software Engineer in Test 1,Full Time Employee,Irvine,143541,USD,5,5% increase is from combined effect of performance and promotion.,High,AAA
8/3/2020 16:39:26,BL,FX Artist,Contractor,Irvine,"114,000",USD,2,,Successful,AAA
8/3/2020 16:42:04,BL,fx artist,Contractor,Irvine,50 per hour,USD,0,,High,AAA
8/3/2020 16:46:52,BL,Senior FX Artist II,Full Time Employee,Irvine,143000,USD,3,,Successful,AAA
8/3/2020 16:54:06,BL,CS Champion,Full Time Employee,Austin,45802,USD,1,,Successful,AAA
8/3/2020 17:11:20,BL,FX Artist,Contractor,Irvine,75000,USD,,New Hire,,AAA
8/3/2020 17:13:52,BL,Senior Environment Artist I,Full Time Employee,Irvine,"104,000",USD,12,Wasn't told my performance rating.,,AAA
8/3/2020 17:14:40,BL,Technical Test Analyst,Full Time Employee,Irvine,70304,USD,1.3,,High,AAA
8/3/2020 17:21:40,BL,Senior Software Engineer I,Full Time Employee,Irvine,"$164,000",USD,2.3,,High,AAA
8/3/2020 17:57:38,BL,Senor Software Engineer,Full Time Employee,Irvine,"144,619.55",USD,2,,Successful,AAA
8/3/2020 18:05:03,BL,Principle Software Engineer I,Full Time Employee,Irvine,198,USD,2.2,,High,AAA
8/3/2020 18:18:21,BL,Technical Director I,Full Time Employee,Irvine,128600,USD,3,,High,AAA
8/3/2020 18:38:12,BL,Specialist Game Master,Full Time Employee,Austin,"37,294",USD,6.9,,High,AAA
8/3/2020 18:58:35,BL,Test Lead II,Full Time Employee,Irvine,79000,USD,21.5,The first earned (not grandfathered/reshuffle/re-visioned) promotion I have received as a lead in 9 years.,High,AAA
8/3/2020 19:26:26,BL,QA Analyst,Full Time Employee,Irvine,23.37/hr,USD,1.3,,Successful,AAA
8/3/2020 19:36:51,BL,VFX Artist,Full Time Employee,Irvine,"80,000",USD,20,Promoted from Associate,High,AAA
8/3/2020 19:50:48,BL,Senior Game Designer,Full Time Employee,Irvine,"114,000",USD,3,,High,AAA
8/3/2020 19:51:35,BL,Senior Software Engineer I,Full Time Employee,Irvine,"128,005",USD,3,,Successful,AAA
8/3/2020 19:52:22,BL,Senior Program Manager I,Full Time Employee,Irvine,127000,USD,3,10+ years,Successful,AAA
8/3/2020 19:53:50,BL,Software Engineer,Full Time Employee,Irvine,100000,USD,,,,AAA
8/3/2020 19:55:30,BL,Associate Game Producer,Full Time Employee,Irvine,"69,500",USD,4.5,"Internal hire, 2 years in this position",High,AAA
8/3/2020 19:56:25,BL,Software Engineer in Test,Full Time Employee,Irvine,116000,USD,0,,Developing,AAA
8/3/2020 20:00:36,BL,Animator,Full Time Employee,Irvine,82k,USD,2.5,,,AAA
8/3/2020 20:02:43,BL,Associate game producer,Full Time Employee,Irvine,65000,USD,0,,,AAA
8/3/2020 20:09:12,BL,Associate Game Designer,Full Time Employee,Irvine,"$29.57 (61,506)",USD,2.5,,Successful,AAA
8/3/2020 20:14:04,BL,3D Artist,Full Time Employee,Irvine,"76,000",USD,10,,High,AAA
8/3/2020 20:16:36,BL,Animator,Full Time Employee,Irvine,87,USD,4,,High,AAA
8/3/2020 21:48:31,BL,Encounter Designer,Full Time Employee,Irvine,"$94,328",USD,0.02,,Successful,AAA
8/3/2020 21:55:54,BL,Senior Artist I,Full Time Employee,Irvine,"101,000",USD,,,High,AAA
8/3/2020 22:18:07,BL,Senior Character Artist I,Full Time Employee,Irvine,122400,USD,2,,Successful,AAA
8/3/2020 22:19:40,BL,Senior Software Engineer I,Full Time Employee,Irvine,135000,USD,4,,High,AAA
8/3/2020 22:24:31,BL,VFX Artist,Full Time Employee,Irvine,"84,000",USD,2.5,,Successful,AAA
8/3/2020 22:28:33,BL,,Full Time Employee,Irvine,,USD,,,High,AAA
8/3/2020 22:29:35,BL,,Full Time Employee,Irvine,,USD,,,,AAA
8/3/2020 22:29:35,BL,Senior Game Designer I,Full Time Employee,Irvine,102500,USD,2.5,,Successful,AAA
8/3/2020 22:45:34,BL,Senior Software Engineer I,Full Time Employee,Irvine,144551,USD,2.5,,High,AAA
8/3/2020 23:10:01,BL,UI Designer,Full Time Employee,Irvine,"98,000",USD,2,,High,AAA
8/3/2020 23:21:32,BL,Lead Character Artist,Full Time Employee,Irvine,134000,USD,2.5,"Not enough. Barely keeps up with inflation. Expected more, got much less",Successful,AAA
8/3/2020 23:25:24,BL,,Full Time Employee,Irvine,"117,000",USD,4.5,,High,AAA
8/3/2020 23:34:00,BL,X,Full Time Employee,Irvine,1,USD,0,,Successful,AAA
8/3/2020 23:42:52,BL,Associate QA Analyst,Full Time Employee,Irvine,"$21.88 an hour / $43,760 a year",USD,,Hired in 2013 for Customer Support. Started at 9.50 an hour. Left CS at 21.66 to join Quality Assurance. Merit bumped me up .22 cents which brought my hourly up to 21.88.,Successful,AAA
8/4/2020 0:19:15,BL,Associate Game Designer,Full Time Employee,Irvine,61506,USD,2.5,Struggling to make rent in irvine.,Top,AAA
8/4/2020 0:21:22,BL,Rotational Manager,Full Time Employee,Irvine,125000,USD,,Many are offered around this salary as starting for rotational manager position out of MBA program,Successful,AAA
8/4/2020 0:30:14,BL,Manager,Full Time Employee,Irvine,148000,USD,10,,Top,AAA
8/4/2020 0:46:31,BL,Senior Artist II,Full Time Employee,Irvine,"$145,000",USD,3,,High,AAA
8/4/2020 0:51:08,BL,Software Engineer,Full Time Employee,Irvine,"101,000",USD,4,,Successful,AAA
8/4/2020 0:58:53,BL,Specialist Game Master,Full Time Employee,Austin,$20.53,USD,2.5,,Top,AAA
8/4/2020 1:16:37,BL,Senior artist 2,Full Time Employee,Irvine,137k,USD,3.5,Profit sharing has not helped my annual salary increase despite my workload and responsibilities growing year after year.,Successful,AAA
8/4/2020 1:38:11,BL,Senior Concept Artist,Full Time Employee,Irvine,"109,000",USD,2.5,,Successful,AAA
8/4/2020 2:01:55,BL,Specialist Game Master,Full Time Employee,Versailles,35793,EUR,1,capped for 5 years now. ,Successful,AAA
8/4/2020 2:08:26,BL,Marketing Manager,Full Time Employee,Irvine,115000,USD,1,,High,AAA
8/4/2020 2:14:17,BL,Software Engineer,Full Time Employee,Irvine,54.73/h,USD,3.5,"<1y w/ company, no title changes yet",Successful,AAA
8/4/2020 2:19:16,BL,Senior Software Engineer I,Full Time Employee,Irvine,"153,000",USD,0,Recent hire,,AAA
8/4/2020 2:21:40,BL,Senior Designer II,Full Time Employee,Irvine,"135,000",USD,10,Includes promotion,High,AAA
8/4/2020 2:43:46,BL,Senior Software Engineer II,Full Time Employee,Irvine,180000,USD,3,,High,AAA
8/4/2020 3:23:00,BL,Specialist Game Master,Full Time Employee,Cork,35700E,EUR,1,,Successful,AAA
8/4/2020 3:23:01,BL,Specialist Game Master,Full Time Employee,Cork,33500,EUR,1,"This is the lowest merit increase I have ever received. According to my manager, opportunity to give people ""high"" score has been limited this year. Looking at my appraisal, if this level of performance, along with additional work that was carried out by me, gives me 1% increase, why even bother doing anything in addition to my primary duties? This merit increase is lower than my rent increase.",Successful,AAA
8/4/2020 3:24:49,BL,Engineer,Full Time Employee,Irvine,"$100,000",USD,2,,High,AAA
8/4/2020 3:39:56,BL,Title,Full Time Employee,Irvine,1020,USD,4,,Successful,AAA
8/4/2020 4:50:02,BL,CS Champion,Full Time Employee,Cork,400,EUR,1,,Successful,AAA
8/4/2020 7:31:54,BL,Can't say (loss of anonimity) ,Full Time Employee,Versailles,57358,EUR,1.3,,Successful,AAA
8/4/2020 8:34:32,BL,Associate Software Development Engineer in Test,Full Time Employee,Austin,"74,000",USD,3,,Top,AAA
8/4/2020 8:35:38,BL,Language Specialist,Full Time Employee,Versailles,49285,EUR,4.4,42K EUR; increase affected by changing position from lower pay bracket to higher,High,AAA
8/4/2020 8:42:51,BL,CS champion,Full Time Employee,Austin,"39,520",USD,0,I was promoted this past year so I assume I'm low in the pay band,Successful,AAA
8/4/2020 8:56:31,BL,,Full Time Employee,Versailles,46000,EUR,2.5,,High,AAA
8/4/2020 9:21:00,BL,Customer support specialist ,Full Time Employee,Versailles,35795,EUR,1,,Successful,AAA
8/4/2020 9:52:00,BL,Associate Software Engineer,Full Time Employee,Irvine,"82,805",USD,3.5,,Successful,AAA
8/4/2020 10:24:44,BL,Senior FX Artist I,Full Time Employee,Irvine,"120,360",USD,2,It is nowhere near matching those of Riot's & Epic's,Successful,AAA
8/4/2020 10:29:47,BL,Senior Software Engineer,Full Time Employee,Irvine,"$137,500.00",USD,12,,High,AAA
8/4/2020 10:34:03,BL,,Full Time Employee,Irvine,,USD,10,promotion,High,AAA
8/4/2020 10:51:28,BL,Software Engineer,Full Time Employee,Irvine,120000,USD,,New Hire,,AAA
8/4/2020 10:52:15,BL,Software Engineer,Full Time Employee,Austin,100000,USD,,,,AAA
8/4/2020 10:58:39,BL,Senior Designer II,Full Time Employee,Irvine,155000,USD,4.5,,High,AAA
8/4/2020 11:01:58,BL,Software Engineer,Full Time Employee,Irvine,120000,USD,3,,Successful,AAA
8/4/2020 11:21:19,BL,Senior Software Engineer II,Full Time Employee,Irvine,180000,USD,4.5,,High,AAA
8/4/2020 11:29:35,BL,Senior Software Engineer I,Full Time Employee,Irvine,"$150,000",USD,2,,Successful,AAA
8/4/2020 11:33:27,BL,Specialist Game Master,Full Time Employee,Cork,"33,000€",EUR,3,,High,AAA
8/4/2020 11:44:17,BL,Test Analyst,Full Time Employee,Irvine,49000,USD,,I've been working at Blizzard for over 10 years,High,AAA
8/4/2020 11:46:42,BL,Associate Software Developer Engineer in Test,Full Time Employee,Irvine,"$38.03 ($79,102)",USD,3.5,,Successful,AAA
8/4/2020 11:48:59,BL,Senior Game Designer I,Full Time Employee,Irvine,114000,USD,3,,High,AAA
8/4/2020 11:59:16,BL,Manager,Full Time Employee,The Hague,97452,EUR,2.5,"No raises due to being ""out of band"" in previous years.",Successful,AAA
8/4/2020 12:00:25,BL,Associate Software Engineer,Full Time Employee,Irvine,82805,USD,3.5,,Successful,AAA
8/4/2020 12:01:06,BL,Designer,Full Time Employee,Irvine,98000,USD,13,Promotion incl,High,AAA
8/4/2020 12:02:49,BL,,Full Time Employee,Irvine,"113,000",USD,3,,High,AAA
8/4/2020 12:21:26,BL,Senior software engineer II,Full Time Employee,Irvine,"166,000",USD,13.3,Received promotion which explains the higher increase,High,AAA
8/4/2020 12:27:42,BL,UX Researcher,Full Time Employee,Irvine,"$110,000",USD,0.5,,,AAA
8/4/2020 12:28:23,BL,Systems Administrator 1,Full Time Employee,Irvine,"71,000",USD,3,,High,AAA
8/4/2020 12:30:17,BL,Principal Software Engineer I,Full Time Employee,Irvine,"186,000",USD,2.9,,Successful,AAA
8/4/2020 12:33:10,BL,Customer Support,Full Time Employee,Austin,23 per hour,USD,3,"After getting a ""high"" rating, and told rewards were for top performers, i still received less of a % increase than last year. I feel for those who got ""successful"" or lower. ",High,AAA
8/4/2020 12:33:44,BL,Senior Software Engineer I,Full Time Employee,Irvine,138000,USD,2,,Successful,AAA
8/4/2020 12:47:08,BL,Technical Artist,Full Time Employee,Irvine,"41.89/hr ($87,131)",USD,2.5,,Successful,AAA
8/4/2020 12:51:04,BL,Senior Producer,Full Time Employee,Irvine,123500,USD,2.5,,High,AAA
8/4/2020 12:51:48,BL,Software Engineer,Full Time Employee,Irvine,120000,USD,3,,Successful,AAA
8/4/2020 12:54:18,BL,Senior Project Manager,Full Time Employee,Irvine,"128,125",USD,2.5,"Made 107,655 before joining Blizzard at 2019 -- was in the federal government as part of the GS pay band (was a 13-2). 8+ years of project management experience.",,AAA
8/4/2020 13:16:59,BL,QA Analyst,Full Time Employee,Irvine,24.49,USD,1.2,This is the second time in a row that the increase did not meet or exceed cost of living increases. Meaning that each year the company values my work at a lower rate than they did before. Last year the cafe increased its prices at a rate that was higher than my wage increase. ,Successful,AAA
8/4/2020 13:44:33,BL,Associate Producer,Full Time Employee,Irvine,"$70,000",USD,2,"I have been an associate for 3 years. I started at 32% pay penetration into the associate producer pay band and I am now at around 37%. 3 years in and I'm still in the ""Learning Stage"" based on the ABK pay band overview page. I have been told numerous times that I'm a mid-level producer and rarely receive concrete feedback for areas to grow in. 

My ""High rating"" was only a 5 cents per hour raise above my ""Successful"" rating from the previous year. When I asked about this, I was given a bunch of other external factors that contributed to this, but regardless, I worked super hard and was recognized with a ""high"" rating, and only received 5 more cents per hour. ",High,AAA
8/4/2020 13:50:34,BL,senior software engineer 1,Full Time Employee,Irvine,"164,187",USD,2.3,,High,AAA
8/4/2020 13:58:12,BL,Senior Software Engineer 1,Full Time Employee,Irvine,129104,USD,3,,Successful,AAA
8/4/2020 14:03:14,BL,Coordinator,Full Time Employee,Versailles,45245,EUR,2.5,never been promoted since I joined my department,Successful,AAA
8/4/2020 14:10:26,BL,CEO,Full Time Employee,Los Angeles,"40,000,000",USD,,,Developing,AAA
8/4/2020 15:32:07,BL,sr. product designer,Full Time Employee,santa monica,"109,997.00",USD,0,"Made 86,000 until last year (drastically below my peers), so maybe that's why 0%inc this year. Rated high and top for the previous 2 years. Was told they were required to rate me no higher than 'successful' this year, but that my work was just as good.",Successful,AAA
8/4/2020 15:32:42,BL,Senior Software Egr 1.-,Full Time Employee,Irvine,144001,USD,2,:(,Successful,AAA
8/4/2020 15:58:38,BL,SR. Financial Analyst,Full Time Employee,Irvine,101250,USD,1.25,,High,AAA
8/4/2020 16:00:49,BL,QA,Full Time Employee,Irvine,49000,USD,3,Wish it was higher.,High,AAA
8/4/2020 16:18:22,BL,Senior Software Engineer 1,Full Time Employee,Irvine,132736,USD,3.9,"I am not allowed to know my salary range, just my penetration percentage into it.",Successful,AAA
8/4/2020 16:33:11,BL,Test Analyst,Full Time Employee,Irvine,48610,USD,1.3,,Successful,AAA
8/4/2020 16:46:47,BL,Test Analyst,Full Time Employee,Irvine,$50k/yr,USD,4,,Successful,AAA
8/4/2020 17:31:18,BL,Senior Software Engineer II,Full Time Employee,Irvine,175000,USD,3,,,AAA
8/4/2020 17:39:12,BL,Associate Data Analyst,Full Time Employee,Irvine,62k,USD,4.5,,Top,AAA
8/4/2020 17:59:35,BL,Associate Producer,Full Time Employee,Irvine,36.4,USD,4,,High,AAA
8/4/2020 18:12:09,BL,Associate Software Development Engineer in Test,Full Time Employee,Austin,"74,000",USD,3,,Top,AAA
8/4/2020 18:17:18,BL,UI /UX Designer,Full Time Employee,Irvine,"100,000",USD,2,"If Riot opened up a game studio in Irvine, I'd be all over it.",High,AAA
8/4/2020 19:45:29,BL,Product Manager,Full Time Employee,Irvine,140000,USD,1,,Successful,AAA
8/4/2020 19:49:14,BL,Software Engineer,Full Time Employee,Irvine,104957,USD,11,,Top,AAA
8/4/2020 20:04:26,BL,Senior Test Analyst,Full Time Employee,Irvine,"60,000",USD,5.4,7.5 years tenure,Successful,AAA
8/4/2020 22:38:56,BL,Sr. Manager,Full Time Employee,Irvine,"145,000",USD,10,,Top,AAA
8/4/2020 22:47:44,BL,UX/UI Designer,Full Time Employee,Irvine,"$96,000",USD,3.5,,High,AAA
8/4/2020 22:59:59,BL,UX/UI Designer,Full Time Employee,Irvine,"$96,000",USD,3.5,,High,AAA
8/5/2020 0:41:45,BL,Product Manager,Full Time Employee,Irvine,"90,000",USD,3,,Successful,AAA
8/5/2020 1:25:02,BL,Senior Software Engineer I,Full Time Employee,Irvine,164,USD,2.5,,High,AAA
8/5/2020 4:27:57,BL,Associate Data Analyst,Full Time Employee,Irvine,"75,000",USD,0,,,AAA
8/5/2020 10:25:41,BL,Customer Support,Full Time Employee,Versailles,"€31,932 /$37,993",EUR,0,"Not had a pay increase in years, not even an increase to take into considering the cost of inflation which has gone up year after in France. CS is viewed as an entry level job that requires no skill to do, which is beyond the truth. Our workload has increased along with our tasks yet our wage remains the same.",Developing,AAA
8/5/2020 10:31:10,BL,Product Manager,Full Time Employee,Irvine,"$101,000",USD,0,,,AAA
8/5/2020 12:09:16,BL,,Contractor,LA,$46 hr,USD,0,Third category (TEMP),,AAA
8/5/2020 13:10:39,BL,IT Support Specialist I,Full Time Employee,Irvine,27.76,USD,2,,Successful,AAA
8/5/2020 14:05:24,BL,Associate Operations Manager,Full Time Employee,Irvine,"$60,757",USD,1.2,"I've been operating as a project/program manager for about 1.5 years now. I've been consistently asking for a title/track change since Nov 2019. This was originally planned to go through during this promotion cycle, but apparently my departmental leadership and HR are having discussions about the value/place that PMs have in the organization, and have held off on changing anything for me in the meantime.",Successful,AAA
8/5/2020 14:27:30,BL,Senior 3D Artist,Full Time Employee,Irvine,107500,USD,3,,High,AAA
8/5/2020 15:59:25,BL,senior artist 1,Full Time Employee,Irvine,"112,000",USD,3,"I was significantly underpaid as an associate and mid level artist, despite getting frequent 4 ratings on my reviews. It was adjusted when I was promoted to senior to be more fair and equal to people of a similar level, or so they told me.",High,AAA
8/5/2020 17:26:49,BL,Associate game producer,Full Time Employee,Irvine,65000,USD,0,,,AAA
8/5/2020 19:01:36,BL,Technical Specialist Game Master,Full Time Employee,Austin,"43,389",USD,2.5,,Top,AAA
8/5/2020 20:52:11,BL,Associate Software Engineer,Full Time Employee,Irvine,"83,000",USD,3,,Developing,AAA
8/6/2020 2:57:42,BL,Specialist Game Master,Full Time Employee,Cork,"40,000$",EUR,0,"This is an ongoing topic for ages in CS and we are getting ignored for the same time. Over the years we evolved a lot (what is great) and added a ton of new task to our daily work. We worked for our e-sports department (twitch moderation, video editing und uploading, reporting), we are doing social media and part of the community work (twitter, forums, facebook etc.), doing manager task (providing training and coaching to peers, responsible for refunds, giving approvals). We got no compensation for our new task's and greater responsibly in our work. Our profit is ""non-existent"" and the merit increase is a joke over the last few years. A lot of (good) people left the company and we have to to more and more work without getting fairly paid for it",Successful,AAA
8/6/2020 6:52:01,BL,Senior Project Manager,Full Time Employee,Versailles,57000,EUR,1,,Successful,AAA
8/6/2020 8:16:50,BL,Customer Service Representative,Full Time Employee,Cork,33300,EUR,1,11 year tenure,Successful,AAA
8/6/2020 8:29:31,BL,Game Master,Full Time Employee,Cork,32556.29 Euro,EUR,1,Been working here since 2009,Successful,AAA
8/6/2020 8:35:14,BL,Game Master,Full Time Employee,Cork,35k,EUR,1,,Successful,AAA
8/6/2020 8:55:38,BL,Game Master,Full Time Employee,Austin,"34,000",USD,1,"Been at Blizzard over 6 years, always rated as a high performer, still only have 25% penetration into pay band",High,AAA
8/6/2020 9:37:50,BL,Senior Site Reliability Engineer,Full Time Employee,Work From Home - Virginia,160000,USD,,I started in June of this year,,AAA
8/6/2020 9:50:36,BL,Game Master,Full Time Employee,Cork,30500,EUR,1.2,,Successful,AAA
8/6/2020 10:48:27,BL,Senior Animator,Full Time Employee,Irvine,"123,600",USD,3,,High,AAA
8/6/2020 11:07:24,BL,Specialist Game Master,Full Time Employee,Austin,"39083/yr, 18.79/hr",USD,1.2,,Successful,AAA
8/6/2020 11:35:36,BL,Senior Software Engineer 1,Full Time Employee,Irvine,"$170,000",USD,2,,Successful,AAA
8/6/2020 11:37:53,BL,Associate Test Analyst,Full Time Employee,Irvine,42328,USD,1.2,,Successful,AAA
8/6/2020 11:44:53,BL,Associate User Researcher,Full Time Employee,Irvine,72051,USD,1.3,,Successful,AAA
8/6/2020 11:49:14,BL,Associate User Researcher,Full Time Employee,Irvine,72051,USD,1.3,,Successful,AAA
8/6/2020 12:10:16,BL,Senior Technical Artist I,Full Time Employee,Irvine,"133,307",USD,2,"2019 profit bonus ~30,000",Successful,AAA
8/6/2020 12:16:57,BL,Senior VFX Artist II,Full Time Employee,Irvine,121000,USD,8,,High,AAA
8/6/2020 12:34:36,BL,Associate Brand Manager,Full Time Employee,Irvine,84000,USD,1.5,Lowest percentage increase I've gotten in 6 years with the company,Successful,AAA
8/6/2020 12:47:04,BL,Software Engineer,Full Time Employee,Irvine,$53/hr,USD,1.5,,Successful,AAA
8/6/2020 13:02:02,BL,Specialist Game Master,Full Time Employee,Austin,39000,USD,1.2,I have been here for over 6 years,Successful,AAA
8/6/2020 13:11:41,BL,Customer Support ,Full Time Employee,Austin,"32,178",USD,5.7,"Customer Support at Blizzard is in the pay bracket for baseline Customer Support jobs for most other companies. Though what we are required to reach higher standards than typical Customer Support jobs due to how we handle surveys. Additionally, our job encompasses much more than Customer Support due to how much more hands-on we are with ingame logs, tech, recovery, payment, investigations, and more. Can't go into all the details, but just basic tech troubleshooting base level CS rep here is much more complex tech than typical tech support at tech companies. Many outside of CS do not realize how hands-on Blizz CS is compared to the norm, yet are paid less than the norm. That's not even touching on how any extra projects we take on do not bring any increase to pay or incentive besides ""experience"".",Successful,AAA
8/6/2020 16:45:59,BL,Senior Software Engineer,Full Time Employee,Irvine,130000,USD,3,10+ YoE,Successful,AAA
8/6/2020 16:55:22,BL,Test Analyst,Full Time Employee,Irvine,50000,USD,2,,High,AAA
8/6/2020 17:17:55,BL,Associate Test Analyst,Full Time Employee,Irvine,42000,USD,1,,Successful,AAA
8/6/2020 17:35:19,BL,Test Analyst,Full Time Employee,Irvine,$24.46/hr,USD,1,"Promotion as well, total raise 10%. Have merit and CoL adjustments plus promotion was a combined $2/hr",High,AAA
8/6/2020 17:35:33,BL,Associate Test Analyst,Full Time Employee,Irvine,21.63hr,USD,,recently joined at the so exempt from performance/merit increase,,AAA
8/6/2020 17:35:46,BL,,Full Time Employee,Irvine,150000,USD,2,,High,AAA
8/6/2020 17:36:48,BL,Senior Software Engineer I,Full Time Employee,Irvine,"120,000",USD,3.7,,Successful,AAA
8/6/2020 17:49:53,BL,Senior Software Engineer 1,Full Time Employee,Irvine,135219,USD,0,"Typically get good reviews. Last year I was dealing with some burnout mid year so that's why my review is lower then usual (Finished year strong, but the review had to be based on whole year). Found out that everyone at the developing level was given a 0% increase this year. I understand that we are working to perform better, but that was probably the biggest slap in the face, and even worse it took all the way to August to tell me this. As I have been working my rear end off this year to be at a High level, this was a downer for sure. Not even a small increase to help with rising costs of living.",Developing,AAA
8/6/2020 17:54:42,BL,Assistant Editor,Contractor,LACS,$30/hour,USD,0,,,AAA
8/6/2020 17:56:55,BL,Post Production,Contractor,Los Angeles,$1625 / week,USD,8.3,"I have not received a performance rating. And I believe everyone should be able to share their rates anytime, anywhere.",,AAA
8/6/2020 18:11:37,BL,,Full Time Employee,Irvine,,USD,,,,AAA
8/6/2020 18:31:55,BL,Senior Concept Artist I,Full Time Employee,Irvine,"105,331",USD,10,,High,AAA
8/6/2020 18:42:03,BL,Senior Software Engineer I,Full Time Employee,Irvine,"125,000",USD,16,16% due to promotion from mid-level to senior Software Engineer.,High,AAA
8/6/2020 18:46:07,BL,Assistant Editor,Contractor,Los Angeles,65000,USD,,,,AAA
8/6/2020 18:56:20,BL,Engineer,Full Time Employee,Irvine,1,USD,1,,Successful,AAA
8/6/2020 18:56:50,BL,Engineer,Full Time Employee,Irvine,1,USD,1,,High,AAA
8/6/2020 18:57:16,BL,Consultant,Full Time Employee,Irvine,1,USD,1,,High,AAA
8/6/2020 19:01:25,BL,Other,Full Time Employee,Austin,10,USD,0.5,,High,AAA
8/6/2020 19:02:05,BL,Associate 3D Artist (Character Artist),Full Time Employee,Irvine,"65,000(new hire)",USD,0,New Hire so no increase,,AAA
8/6/2020 19:06:09,BL,Associate 3D Artist (Character Artist),Full Time Employee,Irvine,"65,000(new hire)",USD,0,New Hire so no increase,,AAA
8/6/2020 19:30:43,BL,Event Manager,Full Time Employee,Irvine,$105K,USD,0,,Successful,AAA
8/6/2020 19:34:54,BL,Test Analyst,Full Time Employee,Irvine,"$52,000",USD,,,,AAA
8/6/2020 20:44:30,BL,test analyst,Full Time Employee,Irvine,49K,USD,1,,Successful,AAA
8/6/2020 21:29:27,BL,Position in II tier ,Full Time Employee,Irvine,118500,USD,5,moved from I to II tier ,Top,AAA
8/7/2020 1:37:32,BL,Associate game producer,Full Time Employee,Irvine,65000,USD,0,,,AAA
8/7/2020 3:06:09,BL,Specialist ITC Game Master,Full Time Employee,Versailles,35490 € / year,EUR,2.5,Merit increases for this kind of performance rating used to be much much higher before that reform. CS is plagued with salary caps that are not even public knowledge anymore.,High,AAA
8/7/2020 10:59:20,BL,Analyst,Full Time Employee,Irvine,112000,USD,,,,AAA
8/7/2020 12:40:09,BL,Specialist Game Master,Full Time Employee,Austin,19.76/hr,USD,4,,Top,AAA
8/7/2020 13:01:38,BL,Artist,Full Time Employee,Irvine,78000,USD,,,,AAA
8/7/2020 13:37:38,BL,Senior Designer I,Full Time Employee,Irvine,"$125,000",USD,2.5,,Successful,AAA
8/7/2020 15:25:14,BL,Senior Software Engineer I,Full Time Employee,Irvine,138000,USD,3.5,,Successful,AAA
8/7/2020 17:39:52,BL,Public Relations Coordinator,Full Time Employee,Irvine,$25.30,USD,1.2,"Was told manager wanted to give me a ""High"" rating but the company was limiting to just ""Successful"" ratings.",Successful,AAA
8/7/2020 17:48:14,BL,Lead Project Manager,Full Time Employee,Irvine,135000,USD,0,,High,AAA
8/7/2020 18:45:00,BL,Senior Software Engineer I,Full Time Employee,Irvine,164000,USD,2,,Successful,AAA
8/7/2020 19:29:09,BL,3D Artist,Full Time Employee,Irvine,82000,USD,3,,Successful,AAA
8/7/2020 19:34:01,BL,Lead Project Manager,Full Time Employee,Irvine,135000,USD,0,"10k sign on bonus, 5k relocation package, discretionary profit sharing target of ~$15k, No OT but track and take comp time",Successful,AAA
8/7/2020 20:18:36,BL,Post Production Assistant ,Contractor,Los Angeles Center Studios,"18.18/hr, 50 hours a week",USD,0,,,AAA
8/8/2020 11:46:17,BL,Specialist Game Master,Full Time Employee,Austin,41000,USD,3,,Top,AAA
8/8/2020 17:04:16,BL,Specialist Game Master,Full Time Employee,Cork,37.871 Eur / $44.631,EUR,2.2,11+ years and always rated High or Top. Earning $20/h after so many years and always performing high is a shame.,High,AAA
8/8/2020 17:10:14,BL,Associate game producer,Full Time Employee,Irvine,65000,USD,0,,,AAA
8/10/2020 4:19:05,BL,Senior Localization Specialist,Full Time Employee,Versailles,"46406,10",EUR,1.5,,Successful,AAA
8/10/2020 9:53:34,BL,Senior Project Manager,Full Time Employee,Versailles,54k €,EUR,16,"promoted, previous salary 47k €",High,AAA
8/10/2020 17:31:43,BL,video editor,Contractor,Irvine,$46/hr,USD,0,As a contractor I don't get performance reviews and how much I'm paid can change based on the budget(s) of the project(s) I'm brought in to work on (even though my job responsibilities are largely the same).,,AAA
8/11/2020 12:40:37,BL,Technical Test Analyst,Full Time Employee,Irvine,"$28.36/hr; $60,757/yr",USD,3,Prevented from getting promotion due to last-minute requirements change. Now working toward an arbitrary additional carrot at the end of a stick before getting promoted.,Successful,AAA
8/14/2020 12:03:14,BL,analyst,Full Time Employee,Irvine,66165,USD,1.5,,High,AAA
9/4/2020 14:43:40,BL,Technician,Full Time Employee,Irvine,"73,750/$35.45hr",USD,1,I guess this 1% is better than the .1% I got my first year and the 0% I got my second year all while being Successful+,High,AAA
3/11/2021 10:28:45,BL,Game Master,Full Time Employee,Austin,16.73,USD,,,High,AAA
3/11/2021 11:02:50,BL,Associate Test Analyst,Full Time Employee,Irvine,45053,USD,3.1,I've been here a year. This is my first salary review.,High,AAA
3/11/2021 12:50:46,BL,,Full Time Employee,Irvine,,USD,,,,AAA
3/11/2021 16:22:51,BL,Test Analyst,Full Time Employee,Irvine,52312,USD,2.7,"16 years tenure, Masters Degree in my field.",Successful,AAA
3/12/2021 2:54:54,BL,Customer Support Representative,Full Time Employee,Versailles,34568,EUR,1,,Successful,AAA
3/12/2021 14:34:53,BL,Test Analyst,Full Time Employee,Irvine,24.16/hr,USD,2.7,10 year tenure,Successful,AAA
3/15/2021 13:28:45,BL,,Full Time Employee,Versailles,69k€,EUR,1,,Successful,AAA
3/17/2021 3:04:17,BL,Associate Brand Manager,Full Time Employee,Laid off 3/16,83000,USD,2.7,"I was under the pay band for most of my tenure, with positions that technically reported to mine getting paid more. ",Successful,AAA
3/21/2021 15:23:06,BL,Software Engineer,Full Time Employee,Irvine,113069,USD,2.8,"This was 4 months after joining - did not get a prorated increase, but the full thing",Successful,AAA