Timestamp,Survey,Job Title,Gender,City,Gross Salary,Currency,Day Rate,Years of XP,Benefits,What is your employment status?
21/02/2019,FR, ,H,Paris,"35,000 €",EUR,,5,"mutuelle, tickets restos, intéressement, CE50% transports, RTT",CDI
19/02/2019,FR,2D ANIMATOR,F,Paris,"24,600 €",EUR,,2,Mutuelle 50%,CDI
15/07/2019,FR,2D ARTIST / concept artist,F,2020,"32,750 €",EUR,,3,"Horaires flexibles, 100 % Mutuelle + Mutuelle complémentaire, prime de Noël, Deliveroo Business",CDI - concept art; UI; anim 2D; art ingame; illustration & graphisme de com...
25/02/2019,FR,2D/3D ARTIST,F,Lille,"30,000 €",EUR,~300€,8,"Télétravail, horaires libres, temps pour d'autres activités (enseignement, conférences...), collaborations multiples",Freelance
18/02/2019,FR,2D/3D ARTIST,F,Paris,"25,000 €",EUR,,5,"CE, fruits en libre service, accès à des conférences et formations",
,FR,2D/3D ARTIST,F,Lille,"25,200 €",EUR,,11,"Ticket resto, 50% transports, mutuelle, CE, prime vacances, prime de participation",CDI - 35h
07/04/2021,FR,3D ANIMATOR,NB,Angoulême,"26,400 €",EUR,,3,"télétravail, horaires libres",CDD
18/02/2019,FR,3D ANIMATOR,F,Paris,"25,200 €",EUR,, ,"50% transport, tickets restos (8€), mutuelle",CDD 37h
20/02/2019,FR,3D ANIMATOR,F,Paris,"33,000 €",EUR,,3,"tickets resto, 50% transports, mutuelle, prime à la rentabilité, CE","CDI 37,5h (1RTT par mois)"
10/08/2020,FR,3D ANIMATOR,F,Paris,"31,000 €",EUR,,1,"Jeux gratuits, RTT, 50 % transports, mutuelle",CDI / 39H
19/02/2019,FR,3D ANIMATOR,H,Paris,"37,000 €",EUR,,10,"Jeux gratuits, TR, Prime, RTT",CDI / 39H
19/02/2019,FR,3D ANIMATOR,H,Paris,"45,000 €",EUR,,10,"50% transports, RTT",CDI
20/10/2021,FR,3D ANIMATOR,H,Paris,29 400 €,EUR,,2.5,"50% transports, tickets resto, mutuelle, actions gratuites",CDI 35h
7/4/2022,FR,3D ANIMATOR,H,Paris,34 000 €,EUR,,3,"mutuelle, RIE",CDI 35h
29/01/2021,FR,3D ANIMATOR,F,Bordeaux,"29,400 €",EUR,,2,"50% Transports, Mediathèque, mutuelle, primes, chèque cadeaux et tickets restau",CDD 35h
08/06/2020,FR,3D ANIMATOR,H,Province,"50,000 €",EUR,650 max.,7,"Freelance, donc déduction des coûts du C.A., et avantages typiques de la vie de freelanceur (pas de transports, liberté de travailler sur ce qu'on veut, etc.)","Freelance. C.A. annuel très variable (entre 30 et 125k, j'ai donc renseigné la moyenne)"
08/06/2020,FR,3D ANIMATOR SENIOR,H,Paris,"36,000 €",EUR,,12,"Tickets resto, RTT, 50% transport, CE, 50% Mutuelle, no crunch obligation",CDI - Cadre
19/02/2019,FR,3D ANIMATOR SENIOR,H,Paris,"46,000 €",EUR,,4,"RTT (legal amount), 50% transport, Mutuelle, Free monthly game, NO bonus",CDI - Cadre
08/06/2020,FR,3D ARTIST,H,Annecy,"34,000 €",EUR,,3,"Tickets Resto (9€, 50% par l'entreprise), Transport 50% ( Obligatoire ) , Mutuelle %?i",CDI
19/02/2019,FR,3D ARTIST,H,Bordeaux,"24,000 €",EUR,,3.5,"Mutuelle, 50% transports",CDD - 35h
19/02/2019,FR,3D ARTIST,H,Bruxelles,"23,000 €",EUR,,4,"transport 100%, ticket resto 180 par mois, je croise parfois Franck sauer ",Gérant
20/02/2019,FR,3D ARTIST,H,Lyon,"24,000 €",EUR,,5,"Tickets Resto (9€, 50% par l'entreprise), Transport 50% ( Obligatoire ) , Mutuelle %?",CDI
20/02/2019,FR,3D ARTIST,H,Lyon,"28,000 €",EUR,,10,"Tickets Resto (9€, 50% par l'entreprise), Transport 50% ( Obligatoire ) , Mutuelle %?",CDI
19/02/2019,FR,3D ARTIST,H,Lyon,"29,100 €",EUR,,4,"Transport 50%, mutuelle 50%, Ticket Resto, jeux gratuits, réductions",CDI
20/02/2019,FR,3D ARTIST,H,Lyon,"31,000 €",EUR,,15,"Tickets resto (9€, 50% par l'entreprise), transport 50%",CDI
22/02/2022,FR,3D ARTIST,F,Paris,"30,000 €",EUR,,1,"Tickets resto (9€, 50% par l'entreprise), transport 50%, intéressements, Fruits",CDI - Cadre 35h
18/02/2019,FR,3D ARTIST,H,Nantes,,EUR,280 €,10,,Freelance
18/02/2019,FR,3D ARTIST,H,Paris,"28,000 €",EUR,,1,h,CDD
19/02/2019,FR,3D ARTIST,H,Paris,"31,800 €",EUR,,3,Transport 50%,CDI
05/08/2020,FR,3D ARTIST,H,Paris,"20,000 €",EUR,,,"Transport 50%, Mutuelle, CE, Tickets Restaurants",CDI
27/02/2019,FR,3D ARTIST,F,Strasbourg,"20,700 €",EUR,,1,,CDD
02/04/2019,FR,3D ARTIST,F,Strasbourg,"18,000 €",EUR,,1,,CDD
13/06/2020,FR,AI PROGRAMMER,H,Paris,"28,000 €",EUR,,0.75,"Tickets Resto, Transport 50%, Mutuelle, Fruits, Jeux gratuits",CDI - Cadre
21/02/2019,FR,AI PROGRAMMER,H,Paris,"31,000 €",EUR,,1.5,"Prime, RTT",CDI - Cadre
26/02/2019,FR,AI PROGRAMMER,H,Villeurbanne,"32,400 €",EUR,,10,"Mutuelle, contrat de 28h, 0 heures sup gratos (par contre passées en récup)",CDI (28h) Salaire noté correspondant à un contrat de 35h (pour pas péter les stats)
26/02/2019,FR,ART TECHNICAL DIRECTOR,H,Montpellier,"52,000 €",EUR,,16,"CE, Ticket Resto, RTT, primes, jeux gratuits, intéressements, ",CDI - Cadre
22/02/2019,FR,ASSOCIATE LEAD DESIGNER,H,Lyon,"37,000 €",EUR,,7,"Tickets resto, 50% transports, mutuelle, prime à la rentabilité, CE, jeux gratuits etc...",CDI
18/02/2019,FR,ASSOCIATE LEAD DESIGNER,H,Paris,"36,000 €",EUR,,6,"Tickets restos (50%), 50% transports, prime sur éventuelle rentabilité, léger flex time, avantages CE jeu/concert/spectacles, ",
22/02/2019,FR,ASSOCIATE LEAD QA,H,Paris,"28,875 €",EUR,,1,"Tickets resto, 50% transports, mutuelle, prime à la rentabilité, CE, jeux gratuits etc...",CDI - 37.5h
26/02/2019,FR,ASSOCIATE PRODUCER,H,Lyon,"27,000 €",EUR,,2,50% transport,
19/02/2019,FR,ASSOCIATE PRODUCER,F,Montpellier,"28,000 €",EUR,,1,"Ticket resto, RTT, 50% transports, CE, Panier fruits, Mutuelle",CDD
19/02/2019,FR,ASSOCIATE PRODUCER,F,Montpellier,"30,200 €",EUR,,2,"Ticket resto, RTT, 50% transports, CE, Panier fruits, Mutuelle",CDI
19/02/2019,FR,ASSOCIATE PRODUCER,H,Montpellier,"33,000 €",EUR,,4,,
19/02/2019,FR,ASSOCIATE PRODUCER,F,Paris,"27,000 €",EUR,,2,"tickets resto, 50% transports, mutuelle, jeux gratuits",CDI - 38h
19/02/2019,FR,ASSOCIATE PRODUCER,H,Paris,"27,000 €",EUR,,4,"Tickets Resto, Participation, polyvalence & variété tâches, jeux gratuits","CDI, 38H"
19/02/2019,FR,ASSOCIATE PRODUCER,H,Paris,"29,000 €",EUR,,3,,CDI 39h
21/02/2019,FR,ASSOCIATE PRODUCER,H,Paris,"34,000 €",EUR,,3,"Mituelle, 50 % transport, tres bon cadre de travail",CDD
19/02/2019,FR,ASSOCIATE PRODUCER,F,Paris,"35,000 €",EUR,,1,Mutuelle + 50% transports + 50%TIckets restos + épargne entreprise,CDI - 39h
19/02/2019,FR,ASSOCIATE PRODUCER,H,Paris,"40,000 €",EUR,,7,"Tickets resto, RTT, 50% transport, CE, 50% Mutuelle ",CDI - Cadre
18/02/2019,FR,ASSOCIATE PRODUCER,F,Paris,"40,000 €",EUR,,12,,Salarié - Cadre
21/02/2019,FR,ASSOCIATE PRODUCER,F,Paris,"44,000 €",EUR,,14,"Tickets resto, RTT, 50% transport, CE, 50% Mutuelle ",CDD - Cadre
22/03/2019,FR,ASSOCIATE PRODUCER,H,Paris,"45,000 €",EUR,,4,"bonus de rentabilité, jeux gratuits",CDI 37.5H
11/02/2020,FR,ASSOCIATE PRODUCER,H,Paris,"26,000 €",EUR,,1,"Ticket resto, 50% transport, mutuelle",CDD - 38h
06/06/2020,FR,ASSOCIATE PRODUCER,F,Paris,"29,000 €",EUR,,0,"Epargne d'entreprise, horaires flexibles",CDI 35h
05/03/2019,FR,ASSOCIATE PRODUCER,H,Paris,"30,000 €",EUR,,2,"Ticket restau, mutuelle et 50% transports ",CDD - Cadre
04/09/2019,FR,ASSOCIATE PRODUCER,F,Lyon,"31,200 €",EUR,,3,"Tickets Restaurants (9€), 50% transport, mutuelle, cadre, prime projet/intéressement/participation",CDI 
07/09/2020,FR,ASSOCIATE PRODUCER,F,Paris,"30,000 €",EUR,,1,"50% transports, prime vacances, bonus de fin de projet, fruits et boissons",CDI
01/02/2022,FR,ASSOCIATE PRODUCER,H,Paris,"38,000 €",EUR,,<1,"50% transports, 60% mutuelle, CE, prime de participation, RTT",CDI
16/02/2022,FR,ASSOCIATE PRODUCER,F,Lyon,"28,000 €",EUR,,2,"50% transports, 90% mutuelle, prime de participation, RTT",CDD
22/02/2022,FR,BRAND MANAGER,H,Paris,45 000 €,EUR,,5,"Télétravail partiel, intéressement, 1 RTT par mois (contrat 37h)",CDI - Cadre 37h
18/02/2019,FR,C++ PROGRAMMER MAC,H,Londres,"21,000 €",EUR,,0,"Sodas, fruits, flexitime et plus de jours de vacances avec l'ancienneté",Stage de fin d'étude suivi d'une offre d'embauche à 28 k
05/02/2021,FR,CHARACTER ARTIST,F,Paris,"39,000 €",EUR,,3.5,,Freelance (+/- 35h semaine)
18/02/2019,FR,CHARACTER ARTIST,H,Paris,"26,000 €",EUR,,1.5,"Tickets resto, 50% transports, mutuelle",
18/02/2019,FR,CHARACTER ARTIST,F,Paris,"28,000 €",EUR,,1,B,CDD
20/02/2019,FR,CHARACTER ARTIST,H,Paris,"33,000 €",EUR,,3.5,"Tickets resto, 50% transports, mutuelle","CDI 37,5h (1RTT par mois)"
21/02/2019,FR,CHARACTER ARTIST,H,Paris,"37,000 €",EUR,,5,"50% transports, mutuelle, 1 jeu gratuit par mois, snacks, boissons",CDI 39h
12/09/2020,FR,CHARACTER ARTIST,F,Paris,"30,000 €",EUR,,2,"Tickets resto, 50% transports, mutuelle",CDD
06/08/2020,FR,CHEF DE PRODUIT,H,Montpellier,"38,000 €",EUR,,7,"50% Transport, 50% Restau, mutuelle, prime résultat 5k€, primes exceptionnelles, PEE",CDI - Cadre
18/02/2019,FR,CHEF DE PROJET,H,Bordeaux,,EUR,,12,"Tickets resto, mutuelle, CE, prime d'intéressement",CDI - Cadre
18/02/2019,FR,CHEF DE PROJET,F,Lyon,"28,000 €",EUR,,2,"Tickets restos, mutuelle, 50% transports, prime d'intéressement + bénefs, réduction produits partenaires",
15/07/2019,FR,CHEF DE PROJET,F,Montpellier,"27,250 €",EUR,,3,"Horaires flexibles, 100 % Mutuelle + Mutuelle complémentaire, prime de Noël, Deliveroo Business 2RTT / mois",CDI - 35H 
21/02/2019,FR,CHEF DE PROJET,H,Montpellier,"55,000 €",EUR,,15,,CDI / fondateur studio
18/02/2019,FR,CHEF DE PROJET,H,Paris,"35,000 €",EUR,,1,"Tickets restos, 50% transports, avantages divers (CE, reduction loisirs, jeux gratuits...)","Bonus sur objectifs inclus dans le salaire, intéressement"
18/02/2019,FR,CHEF DE PROJET,H,Paris,"51,000 €",EUR,,5,,
10/12/2019,FR,CHEF DE PROJET,F,Rennes,"15,600 €",EUR,,1,,Contrat d'apprentissage
18/02/2019,FR,CINEMATIC & CAMERA DÉVELOPPEUR,H,Paris,"37,800 €",EUR,,5,"Tickets restau (50%), titre transport (50%), CE, 1 RTT / mois, panier de fruit 1 fois / semaine, cheque cadeau a Noel",
22/02/2022,FR,CINEMATIC ARTIST/CAMERA 3D,F,Paris,29 160 €,EUR,,1,"(salaire contrat 40H) Ticket resto, mutuelle prise en charge à 70%",CDD
18/02/2019,FR,CINEMATIC ARTIST/REAL,H,Paris,"30,000 €",EUR,,3.5,"Tickets restos, 50% transports,Mutuelle",
18/02/2019,FR,COMMUNICATION COORDINATOR,H,Paris,"35,000 €",EUR,,7,"Tickets restos, 50% transports, avantages divers (CE, reduction loisirs, jeux gratuits...), 1 RTT par mois","Bonus sur objectifs inclus dans le salaire, intéressement"
06/02/2028,FR,COMMUNICATION MANAGER,F,Paris,"31,000 €",EUR,,9,"Tickets resto, mutuelle, transports","CDI - Cadre, intéressement"
03/09/2021,FR,COMMUNICATION MANAGER,F,Montpellier,"21,000 €",EUR,,3,"Tickets resto, mutuelle, transports +1000€/an de primes",CDI
28/01/2021,FR,COMMUNICATION SPECIALIST,F,Paris,"35,200 €",EUR,,4,"Ticket resto, 50% transports, mutuelle, CE, prime vacances, primes participation intéressement, prime sur objectif",CDI - Cadre
19/02/2019,FR,COMMUNITY & CONTENT MANAGER,F,Paris,"31,500 €",EUR,,9,Tickets resto + 50% transports + mutuelle + CE,CDI - Cadre
18/02/2019,FR,COMMUNITY COORDINATOR,F,Lille,"24,000 €",EUR,,8,"Tickets restau, prime vacances, prime aux bénéfices, chèques cadeaux (Noël)",
23/06/2020,FR,COMMUNITY EXPERIENCE MANAGER,F,Province,"36,000 €",EUR,,3,"Tickets resto, mutuelle, transports",CDI - Cadre
18/02/2019,FR,COMMUNITY MANAGER,H,Lille,"22,800 €",EUR,,2,"Tickets restau, prime vacances, prime aux bénéfices, chèques cadeaux (Noël)",
18/02/2019,FR,COMMUNITY MANAGER,F,Lille,"30,000 €",EUR,,1,que dalle,Freelance
18/02/2019,FR,COMMUNITY MANAGER,F,Lyon,"30,000 €",EUR,,9,"Tickets restos, mutuelle, 50% transports, prime d'intéressement + bénefs, réduction produits partenaires CE, 1 RTT / mois, panier de fruit 1 fois / semaine, cheque cadeau a Noel",Bonus sur objectifs inclus dans le salaire
25/02/2019,FR,COMMUNITY MANAGER,H,Nantes,"19,600 €",EUR,,1.5,Mutuelle + Tickets restau,CDI
19/02/2019,FR,COMMUNITY MANAGER,F,Paris,"24,000 €",EUR, ,<1,"Mutuelle, 50% transport, carte resto",CDD - studio indé
04/11/2019,FR,COMMUNITY MANAGER,H,Paris,"26,000 €",EUR,,4,"Mutuelle, 50% transport, 50% carte resto, 17 jours TT / trimestre",CDD
18/02/2019,FR,COMMUNITY MANAGER,H,PARIS,"25,000 €",EUR,,2,"Tickets restau, Remote possible, mutuelle",
18/02/2019,FR,COMMUNITY MANAGER,H,Paris,"28,000 €",EUR,,4,Tickets Restos (10x20) + Télétravail possible (raisonnable) + Horaires flexibles + Salle de repos avec consoles et jeux achetés par la boîte + Soirées jeux/films entre collègues + Des gâteaux !,
21/02/2019,FR,COMMUNITY MANAGER,F,Paris,"38,000 €",EUR,,4,Tickets resto + 50% transports + mutuelle + CE + Prime,CDD - Cadre
21/02/2019,FR,COMMUNITY MANAGER,F,Province,"25,920 €",EUR,,2,"Tickets resto, mutuelle",CDI
12/11/2020,FR,COMMUNITY MANAGER,F,Lille,"21,600 €",EUR,,2,"Ticket resto, 50% transports, mutuelle, CE, prime vacances, prime de participation, chèque cadeau ",CDI - 35h
18/02/2019,FR,COMMUNITY MANAGER (LEAD),H,Paris,"36,000 €",EUR,,3,"Tickets restaurants, divers avantages liées à une grosse entreprise (jeux gratuits, CE, etc.) ","Bonus sur objectif compris dans le salaire, intéressement/participation en plus (généralement ~un mois de salaire)"
18/02/2019,FR,COMMUNITY MANAGER (SENIOR),H,Paris,"35,000 €",EUR,,8,"50% transports, mutuelle, RTT, 13è mois",42 heures hebdo payées 35
18/02/2019,FR,COMMUNITY MANAGER (SENIOR),F,Province,"55,000 €",EUR,,9,"Tickets resto, mutuelle, intéressement, participation, remote possible, avantages divers (CE, reduction loisirs, jeux gratuits), 1 RTT par mois,","Bonus sur performance inclus, salariée en CDI"
25/02/2019,FR,CONCEPT ARTIST,F,Lyon,"36,000 €",EUR,,2,Liberté,Freelance (1 équivalent temps plein + contrats autres)
19/02/2019,FR,CONCEPT ARTIST,F,Paris,"30,600 €",EUR,,5,"Transport 50%, mutuelle 50%",CDI - 35h
18/02/2019,FR,CONCEPT ARTIST / DA,H,Montpellier,"48,000 €",EUR,,8,"mutuelle, rien d’autre",
05/08/2020,FR,CONCEPT ARTIST / DA,H,Paris,,EUR,300~400€,10,"Travail à domicile, horaires flexibles",Freelance
18/02/2019,FR,CONCEPT ARTIST / DA,H,Toulouse,"80,000 €",EUR,~500€,10,"que dalle, statut freelance","frais supplémentaires : atelier, matos, etc, freelance life"
18/02/2019,FR,CONCEPT ARTIST FREELANCE,H,Montpellier,"65,000 €",EUR,de 300€ à 500€,8,liberté,
19/02/2019,FR,CONCEPT ARTIST FREELANCE,H,Paris,"42,000 €",EUR,~300-500 € pour les projets courts,3,,
18/02/2019,FR,CONTENT MANAGER,H,Montpellier,"27,000 €",EUR,,2,Tickets restau,CDI
18/02/2019,FR,COURS GD / PRODUCING,H,Montpellier,,EUR,440 €,6,Freelance,(E art Sup)
18/02/2019,FR,DATA ANALYST,H,Paris,"42,000 €",EUR,,2,"Tickets Restau, Titre de transport, Mutuelle, télétravail possible","prime annuelle comprise, CDI"
06/08/2020,FR,DATA MANAGER,H,Montpellier,"32,500 €",EUR,,4,"Ticket resto, mutuelle, 50% transport, jeux gratuits, ce",CDI 37H
19/02/2019,FR,DATA MANAGER,H,Paris,"41,000 €",EUR,,9,"Tickets Resto, Heres Supp, Participation, jeux gratuits",CDI
26/03/2019,FR,DATA MANAGER JUNIOR,H,Paris,"35,000 €",EUR,,1.5,"Ticket resto, mutuelle, 50% transport, jeux gratuits, ce",CDD 37H
21/02/2019,FR,DESIGN DIRECTOR,H,Montpellier,"46,000 €",EUR,,12,"Tickets restos, mutuelle, CE, actions",
23/09/2020,FR,DESIGNER TECHNIQUE,H,Montpellier,"32,000 €",EUR,,1,"Ticket resto, 50% transports, mutuelle, CE, prime vacances, prime de participation",CDD (6 mois) - 37.5h
04/03/2019,FR,DEV TESTEUR,H,Lyon,"20,400 €",EUR,,1,Rien de plus que ceux des obligations légales.,"CDD 37,5h (1 RTT par mois)"
18/02/2019,FR,DEV TOOLS,H,paris,"30,000 €",EUR,,1,des gâteaux et du café,
18/02/2019,FR,DÉVELOPPEUR,H,Paris,"24,000 €",EUR,,1.5,"Tickets resto, 50% transports, mutuelle, jeux gratuits","CDI 35h - NB mais je présente H pour l'instant, je mets H pour les stats"
18/02/2019,FR,DÉVELOPPEUR,H,Paris,"39,000 €",EUR,,4,"50% transport, mutuelle, 1 RTT / mois",CDI | Serious Game
31/05/2020,FR,DÉVELOPPEUR,H,Paris,"40,000 €",EUR,,3,"Mutuelle,RTT (1/mois), Primes a la sortie du jeu, télétravaille",CDD - 35h
20/02/2019,FR,DÉVELOPPEUR,H,Paris,"50,000 €",EUR,,10,"bonne ambiance, primes (en sus du brut), TR/transports 50%, jours de repos (forfait jour 218j), possiblité télétravail 1j","CDI, statut cadre"
18/02/2019,FR,DÉVELOPPEUR,H,Toulouse,"33,000 €",EUR,,6,,
18/02/2019,FR,DÉVELOPPEUR,H,Paris,"32,000 €",EUR,,6,"Tickets Restos (50%), 50% transports, primes, mutuelle",CDI 35h
18/02/2019,FR,DÉVELOPPEUR MOBILE,H,Bordeaux,"42,000 €",EUR,,8,,
18/02/2019,FR,DÉVELOPPEUR MOBILE,H,Paris,"42,000 €",EUR,,3,"Mutuelle, 50% transport, intéressement, tickets resto, primes","CDI, 39h"
06/03/2019,FR,DÉVELOPPEUR MOBILE,H,Paris,"42,000 €",EUR,,3,"Mutuelle, PEI, PERCOI",CDI
18/02/2019,FR,DÉVELOPPEUR MOBILE,H,Paris,"42,000 €",EUR,,5,"mutuelle, tickets restos, 50% titres transport, intéressement (BSPCE), cooptation",
18/02/2019,FR,DIRECTEUR ARTISTIQUE,F,Paris,"20,000 €",EUR,,7, ,CDD
18/02/2019,FR,DIRECTEUR CRÉATIF,H,Paris,"60,000 €",EUR,,8,"gérant de SARL, donc pas d'avantages ni chômage. seul avantage : liberté !",
18/02/2019,FR,DIRECTEUR CRÉATIF,H,Paris,va,EUR,,7,"50% transport, mutuelle, fruits",CDI
21/02/2019,FR,DIRECTEUR DESIGN,H,Montpellier,"46,000 €",EUR,,13,"TR, Mutuelle, HS payées, 50% transport, Primes renta éventuelles, RTT (1/mois)",CDI - Cadre - 35h
22/02/2018,FR,DIRECTEUR TECHNIQUE,H,Nantes,"28,000€",EUR,,4,Tickets Resto,CDI 35h
05/06/2021,FR,DIRECTEUR TECHNIQUE,H,,"54,000€",EUR,,9,"Ticket Resto, primes, heures sup, 50% transports, Mutuelle",CDI 39h
19/02/2019,FR,ECONOMIC DESIGNER,H,Lyon,"24,500 €",EUR,,2,"Trasport 50%, Mutelle, Ticket Resto",CDD
20/02/2019,FR,ECONOMIC DESIGNER,H,Paris,"40,000 €",EUR,,2,"Tickets resto (9€, 50% par l'entreprise), transport 50%, achats d'action à coûts réduits, prime à la rentabilitié, prime objectif;jeux gratuits, mutuelle",CDI
22/02/2018,FR,EDITORIAL MANAGER,H,Paris,"55,000 €",EUR,,10,"Tickets Resto, Transport 50%",CDI
18/02/2019,FR,ENGINE PROGRAMMER,H,Lyon,"30,000 €",EUR,,5,"Tickets restos, Mutuelle, 50% transports, CE, jeux gratuits",
03/03/2019,FR,ENGINE PROGRAMMER,H,Paris,"25,000 €",EUR,,1.5,"Ticket Restaurant, 50% Transport, aucune prime",CDI
18/02/2019,FR,ENGINE PROGRAMMER,H,Paris,"35,000 €",EUR,,3,Passion,CDI Cadre 37h
26/02/2019,FR,ENGINE PROGRAMMER,F,Paris,"43,000 €",EUR,,6,"Ticket Restaurant, 50% Transport",CDI - Cadre
06/08/2020,FR,ENGINE PROGRAMMER,H,Annecy,"38,000 €",EUR,,5,"jeux gratuits (groupe), intéressement",CDI
31/05/2020,FR,ENSEIGNANT GAME DEV,H,Toulouse,,EUR,420 (60/h),3,Freelance,Freelance
18/02/2019,FR,ENVIRONMENT ARTIST,H,Bordeaux,"25,000 €",EUR,,1.5,"tickets resto, RTTs,50% transports,jeux gratuits+primes",CDD
25/07/2019,FR,ENVIRONMENT ARTIST,F,Bordeaux,"25,200 €",EUR,,3,"Tickets restos, Mutuelle, 50% transports,",CDD
19/02/2019,FR,ENVIRONMENT ARTIST,H,Lyon,"24,000 €",EUR,,2.5,"Tickets Resto, 50% transport, Mutuelle (assez médiocre), no crunch obligatoire",CDI
19/02/2019,FR,ENVIRONMENT ARTIST,F,Lyon,"24,000 €",EUR,,2.5,"Transport 50%, 50% Mutuelle,50%Tickets Restaurants",CDI - 35h
18/02/2019,FR,ENVIRONMENT ARTIST,F,Paris,"21,600 €",EUR,,4,"Mutuelle, 50% transport","CDI, 39h"
18/02/2019,FR,ENVIRONMENT ARTIST,F,Paris,"27,600 €",EUR,,4.5,"Tickets restos, 50% transports,Mutuelle",CDI - Méga polyvalence
19/02/2019,FR,ENVIRONMENT ARTIST,H,Paris,"28,000 €",EUR,,4,"Tickets resto, Mutuelle, 50% transports",CDI
19/02/2019,FR,ENVIRONMENT ARTIST,H,Paris,"38,000 €",EUR,,7,"Transport 50%, Mutuelle, Ticket Resto",CDI
23/07/2020,FR,ENVIRONMENT ARTIST,F,Paris,"25,200 €",EUR,,1,"Carte resto à 8euro/jour, ludotheque, cours de langues, heure supp payé, mutuel, carte cadeau de nouvel an",CDD - 40h
19/02/2019,FR,ENVIRONMENT ARTIST / GRAPH 3D,F,Paris,"30,000 €",EUR,,4.5,"Tickets resto, RTT, 50% transport, CE, 50% Mutuelle ",CDI
18/02/2019,FR,FULLSTACK WEB DEVELOPER,H,Paris,"38,000 €",EUR,,5,,"CDI, Statut cadre, plusieurs déplacements pro sur des salons par an où je fais l'animateur."
26/02/2019,FR,FULLSTACK WEB DEVELOPER,H,Paris,"52,000 €",EUR,,12,"mutuelle, 50% transport, tickets resto, cheques vacances + cheques cadeaux à noël, 7 semaines de vacances, abondement annuel sur pee, CE, horaires libres, télétravail local ponctuel, primes d'interessement, ambiance sympa",CDI cadre journalier
11/12/2019,FR,GAME ARTIST,F,Boulogne,"37,200 €",EUR,,1,"transports 50%, carte déjeuner, CE, mutuelle, réductions, RTT, salle de sieste",CDD - Cadre
22/02/2022,FR,GAME ARTIST,F,Bordeaux,"26,500 €",EUR,,2,"tickets restau, horaires aménageables",
04/08/2020,FR,GAME DESIGNER,F,Lyon,"23,000 €",EUR,,1,"Interessement, prime vacance, mutuelle",CDI - 35h
07/04/2021,FR,GAME DESIGNER,H,Annecy,"36,700 €",EUR,,7,"Tickets resto, jeux gratuits, interessement, participation, primes projets, prime vacance, mutuelle",CDI
16/04/2019,FR,GAME DESIGNER,H,Angoulême,"25,000 €",EUR,,2,,CDI 35H
26/02/2019,FR,GAME DESIGNER,H,Bordeaux,"26,700 €",EUR,,1,,CDI 35h
08/11/2021,FR,GAME DESIGNER,H,Bordeaux,"34,000 €",EUR,,5,"Mutuelle, 50% transport, TR, jeux gratuits ",CDI 37H
18/02/2019,FR,GAME DESIGNER,H,Bordeaux,"33,000 €",EUR,,6,,
23/10/2019,FR,GAME DESIGNER,H,Hanoi (Vietnam),17 000 $,EUR,,1,"13ème mois, prime au million de téléchargement (1200$), 1 billet par en France, mutuelle",CDI - 39H
18/02/2019,FR,GAME DESIGNER,H,Lille,"21,600 €",EUR,,0.6,"Tickets resto, 50% transports, mutuelle",CDD
18/02/2019,FR,GAME DESIGNER,H,Lille,"23,000 €",EUR,,2,"Tickets restos, 50% transports, avantages CE, prime vacances, chèque Noël, prime de participation",
18/02/2019,FR,GAME DESIGNER,H,Lille,"24,000 €",EUR,,1,"Tickets restos, 50% transports, avantages CE, prime vacances, chèque Noël, prime de participation",
18/02/2019,FR,GAME DESIGNER,F,Lille,"24,000 €",EUR,,1,"Tickets restos, mutuelle, 50% transport, prime vacance, chèque noël, CE",CDI
11/06/2020,FR,GAME DESIGNER,H,Lille,"24,000 €",EUR,,2,Transport 50%,CDI - 35h
18/02/2019,FR,GAME DESIGNER,H,Lyon,"22,200 €",EUR,,<1,"Tickets resto, Mutuelle ",Salarié | CDD | 35h
18/02/2019,FR,GAME DESIGNER,H,Lyon,"25,000 €",EUR,,1,Bonne mutuelle,
03/03/2019,FR,GAME DESIGNER,H,Lyon,"27,600 €",EUR,,6,Rien de plus que ceux des obligations légales.,CDI - 35h
18/02/2019,FR,GAME DESIGNER,H,Montpellier,"29,600 €",EUR,,4,"Ambiance, Projets, Responsabilités, Events au boulot, Jeux gratuits etc.",CDI
06/08/2020,FR,GAME DESIGNER,H,Nantes,"12,000 €",EUR,,0,"Mutuelle, grande flexibilité de la présence et des horaires",CDD - 35h
03/03/2019,FR,GAME DESIGNER,H,Paris,"18,250 €",EUR,,1,Transport 50%,CDD
18/02/2019,FR,GAME DESIGNER,H,Paris,"24,000 €",EUR,,1,"Ambiance, mutuelle, bonus sur objectif, chèque noel, tarif repas",
18/02/2019,FR,GAME DESIGNER,H,Paris,"24,000 €",EUR,,1,"tickets restau (180€ par mois) payé à 50% par l'entreprise, heures supplémentaires rémunérées",
18/02/2019,FR,GAME DESIGNER,H,Paris,"25,000 €",EUR,,2,"Mutuelle, tarifs réduits pour repas du midi, chèque noël",
19/02/2019,FR,GAME DESIGNER,H,Paris,"25,000 €",EUR,105 €,1,"Possibilité de cumuler les contrats, flexibilité de la présence (télétravail possible)",Auto-Entrepreneur
02/09/2020,FR,GAME DESIGNER,H,Paris,"33,500 €",EUR,,3,"tickets resto, 50% transports, mutuelle, jeux gratuits, prime à la rentabilité",CDI 37h
05/03/2018,FR,GAME DESIGNER,H,Paris,"25,200 €",EUR,,1,,CDD
20/02/2019,FR,GAME DESIGNER,H,Paris,"27,600 €",EUR,,4,"Tickets resto (9€, 50% par l'entreprise), transport 50%",CDD - 39h
18/02/2019,FR,GAME DESIGNER,H,Paris,"28,000 €",EUR,,1,"tickets resto, 50% transports, mutuelle, jeux gratuits, prime à la rentabilité",CDD 37h
18/02/2019,FR,GAME DESIGNER,H,Paris,"28,000 €",EUR,,1,"Transport 50%, Mutuelle",CDD
18/02/2019,FR,GAME DESIGNER,H,Paris,"28,000 €",EUR,,1,,
22/12/2019,FR,GAME DESIGNER,H,Paris,"28,476 €",EUR,,2,"Ticket resto, 50% transports, cheque cadeau noel",CDI - ETAM
18/02/2019,FR,GAME DESIGNER,H,Paris,"28,500 €",EUR,,5,,
20/02/2019,FR,GAME DESIGNER,H,Paris,"29,000 €",EUR,,2,"tickets resto, 50% transports, mutuelle, jeux gratuits, prime à la rentabilité...",CDI
18/02/2019,FR,GAME DESIGNER,F,Paris,"29,000 €",EUR,,2,"Tickets restos, mutuelle, 50% des transports, télétravail occasionnel possible, CE, primes vacances/projet/participation",
18/02/2019,FR,GAME DESIGNER,H,Paris,"29,000 €",EUR,,5,,CDI
25/02/2019,FR,GAME DESIGNER,F,Paris,"30,000 €",EUR,,,,
18/02/2019,FR,GAME DESIGNER,F,Paris,"30,200 €",EUR,,4,Prime annuelle ,CDI
20/02/2019,FR,GAME DESIGNER,H,Paris,"32,400 €",EUR,,3.75,"Tickets resto, 50% transports, RTT, chèque cadeau Noël, actions.",CDI 37.5H
19/02/2019,FR,GAME DESIGNER,H,Paris,"34,000 €",EUR,,5,"tickets resto, 50% transports, mutuelle, jeux gratuits",CDI 37h
20/02/2019,FR,GAME DESIGNER,H,Paris,"34,000 €",EUR,,4,"tickets resto, 50% transports, mutuelle, jeux gratuits, prime à la rentabilité",CDI 35h
21/02/2019,FR,GAME DESIGNER,H,Paris,"38,000 €",EUR,,5,"Tickets resto, mutuelle, 50% transport, Interessement",CDI
20/02/2019,FR,GAME DESIGNER,H,Paris,"41,000 €",EUR,,9,"Tickets resto (9€, 50% par l'entreprise), transport 50%, achats d'action à coûts réduits, prime à la rentabilitié, jeux gratuits, mutuelle, ",CDI
22/02/2019,FR,GAME DESIGNER,H,Paris,"50,000 €",EUR,,8,interessement,CDI
23/04/2020,FR,GAME DESIGNER,H,Paris,"25,000 €",EUR,,0.5,,
20/07/2020,FR,GAME DESIGNER,F,Paris,"29,000 €",EUR,,1.5,"Tickets resto 8€, 50% transports, mutuelle, chèque Noël, actions gratuites",CDD 35h
06/12/2021,FR,GAME DESIGNER,H,Paris,33 000 €,EUR,,6,"Tickets resto 8€, 50% transports, mutuelle, actions gratuites",CDI
,FR,GAME DESIGNER,H,Paris,,EUR,,8,"Healthcare insurance pack remboursé jusqu'à 1000USD par an. Bonus de semestres (variables à la performance). 13ème mois en Janvier (Nouvel An Lunaire). 16 jours de RTT/an pour commencer, +1 / 2 ans de seniorité. 1 semaine de congé de la boîte pour Nouvel An Lunaire.",CDI
18/04/2019,FR,GAME DESIGNER,F,Province,,EUR,,0.5,,
19/02/2019,FR,GAME DESIGNER,H,,"26,400 €",EUR,,3,,CDD 35h
19/02/2019,FR,GAME DESIGNER,F,Lyon,"26,400 €",EUR,,10,Petite prime de fin d'année. Très peu d'heures supp.,CDI 35h
06/04/2021,FR,GAME DESIGNER,H,Paris,"40,000 €",EUR,,13,"Tickets resto, mutuelle, 50% transport, télétravail occasionel possible",CDI
18/02/2019,FR,GAME DESIGNER/ ASSISTANT GESTION PROJET,H,Paris,"20,400 €",EUR,,1,"Mutuelle, 50% transports, prime (1/2 mois de salaire tous les 6 mois si objectifs atteints)",CDI 35h
24/10/2019,FR,GAME PROGRAMMER,H,Seoul (Corée),"22,000 €",EUR,,0.58,"1 RTT par mois, horaires flexibles ( 1 heure flexible ) , cadeaux de fêtes, assurances, réductions mag",CDI - 45H 
06/12/2021,FR,GAME PROGRAMMER,H,Paris,34 000 €,EUR,,2,"Tickets Resto, 50% transport, Mutuelle (assez médiocre), interessement, forfait internet",CDI
04/03/2019,FR,GAME/LEVEL DESIGNER,H,Paris,"27,600 €",EUR,,3,"Tickets restaurants (20*8€) a moitié payé par l'employeur, 50% sur les transports, mutuelle",CDI 37h (1RTT par mois)
19/02/2019,FR,GAME/LEVEL DESIGNER,H,Paris,"30,000 €",EUR,,6,tickets restos (7€),CDI 38.72h +1RTT
28/02/2019,FR,GAME/LEVEL DESIGNER,F,Paris,"37,800 €",EUR,,4,"Mutuelle, 50% transport, RTT (1/mois), Tickets resto, fruits",CDI Cadre 38h
07/06/2020,FR,GAMEPLAY PROGRAMMER,F,Annecy,"42,000 €",EUR,,8,"Primes, intéressement-participation",CDI
26/09/2020,FR,GAMEPLAY PROGRAMMER,F,Annecy,"39,600 €",EUR,,5,"Primes de projet, intéressement-participation, jeux gratuits",CDI
19/02/2019,FR,GAMEPLAY PROGRAMMER,H,Lille,"49,400 €",EUR,,10,"Chèques cadeaux à Noël, légère flexibilité des horaires, tickets restos",CDI - 35h
10/04/2019,FR,GAMEPLAY PROGRAMMER,H,Lyon,"40,400 €",EUR,,2,"Tickets resto, mutelle, 50% transport, événements boite",CDI - 35h - Cadre
03/03/2019,FR,GAMEPLAY PROGRAMMER,H,Lyon,"46,400 €",EUR,,5,"50% transports (bien que ce soit obligatoire), fruits. Pas de prime comme promis lors de mon entretien d'embauche:(",CDI
18/02/2019,FR,GAMEPLAY PROGRAMMER,H,Lyon,"55,400 €",EUR,,4,"jeux gratuits, corbeilles de fruits, tickets restos",Salarié - Cadre
18/02/2019,FR,GAMEPLAY PROGRAMMER,H,Lyon,"58,400 €",EUR,,4,"mutuelle, tickets restos, intéressement, CE50% transports",CDI - Cadre -37h 
21/02/2019,FR,GAMEPLAY PROGRAMMER,H,Montpellier,"35,400 €",EUR,,10,"tickets resto, mutuelle, renta, RTT",CDI 35h
18/02/2019,FR,GAMEPLAY PROGRAMMER,H,Montpellier,"43,400 €",EUR,,5,"Tickets restos, avantages divers (CE, reduction loisirs, jeux gratuits...), 1 RTT par mois - fruits gratos - prime de rentabilité studio France",
25/02/2019,FR,GAMEPLAY PROGRAMMER,H,Montpellier,"47,400 €",EUR,,9,"Tickets resto, 50% transports, mutuelle, Prime Renta, Jeux gratuit...",
18/02/2019,FR,GAMEPLAY PROGRAMMER,F,Montpellier,"50,400 €",EUR,,1,"tickets resto, 50% transports, mutuelle, jeux gratuits, prime à la rentabilité","CDD, 39h"
21/02/2019,FR,GAMEPLAY PROGRAMMER,H,Montpellier,"60,400 €",EUR,,5,"Tickets resto, 50% transport, primes","CDD, bientot CDI"
27/02/2019,FR,GAMEPLAY PROGRAMMER,F,Montpellier,"62,400 €",EUR,,<1,"Horaires flexibles, congés libres, mutuelle, matériel de qualité, salle de sport, ambiance très bienveillante",
15/07/2019,FR,GAMEPLAY PROGRAMMER,F,Montpellier,"64,400 €",EUR,,1,"Horaires flexibles, 100 % Mutuelle + Mutuelle complémentaire, prime de Noël, Deliveroo Business",CDD - 35H
25/02/2019,FR,GAMEPLAY PROGRAMMER,H,Paris,"27,400 €",EUR,,5,,CDI
21/03/2019,FR,GAMEPLAY PROGRAMMER,H,Paris,"28,400 €",EUR,,5,"Tickets restos, Mutuelle, 50% transports, jeux gratuits",CDI - 35h
29/07/2019,FR,GAMEPLAY PROGRAMMER,F,Paris,"29,400 €",EUR,,3,,CDD 1an - 37h - Cadre
18/02/2019,FR,GAMEPLAY PROGRAMMER,H,Paris,"31,400 €",EUR,,4,"tickets restaurant (50%), 50% transport, chèque cadeaux pour noël, fruits 1/sem, CE,  1 RTT, espace de travail entièrement repensé",CDI 
18/02/2019,FR,GAMEPLAY PROGRAMMER,H,Paris,"32,400 €",EUR,,7,"Tickets restos, mutuelle, possibilité de télétravail.",
18/02/2019,FR,GAMEPLAY PROGRAMMER,H,Paris,"33,400 €",EUR,,2,,Bonus sur objectifs inclus dans le salaire
03/03/2019,FR,GAMEPLAY PROGRAMMER,H,Paris,"34,400 €",EUR,,5,,CDD
18/02/2019,FR,GAMEPLAY PROGRAMMER,H,Paris,"36,400 €",EUR,,4,"Tickets restau, 50% du titre de transport, Intéréssement au bénéfice, chèque cadeau pour Noël",CDI forfait jour
19/02/2019,FR,GAMEPLAY PROGRAMMER,H,Paris,"37,400 €",EUR,,4,,CDI - 35h
18/02/2019,FR,GAMEPLAY PROGRAMMER,H,Paris,"38,400 €",EUR,,2,"Tickets restos, mutuelle, possibilité de télétravail.",
20/02/2019,FR,GAMEPLAY PROGRAMMER,H,Paris,"39,400 €",EUR,,3,"Tickets resto 9€, transport 50%, fruits, petit dej lundi, évenements, primes, jeux gratuits, réductions (spectacle, sale de sport...)",CDI
20/02/2019,FR,GAMEPLAY PROGRAMMER,H,Paris,"41,400 €",EUR,,3,"jeux gratuits, 50% transports, prime annuelle (~1 mois de salaire)",CDI
18/02/2019,FR,GAMEPLAY PROGRAMMER,H,Paris,"42,400 €",EUR,,2.5,"Tickets resto, 50% transports, mutuelle, jeux gratuits, CE","Ingénieur, cadre sous Syntec , 37h (+RTT), CDI"
25/02/2019,FR,GAMEPLAY PROGRAMMER,H,Paris,"44,400 €",EUR,,4,"Télétravail, dessert offert à toute l'équipe 1x/semaine",CDI 35h
18/08/2019,FR,GAMEPLAY PROGRAMMER,H,Paris,"45,400 €",EUR,,1.5,"Quelques jeux gratuits, prime annuelle",CDI 35H
20/02/2019,FR,GAMEPLAY PROGRAMMER,H,Paris,"48,400 €",EUR,,1.5,"Tickets restos, 50% transport, CE, jeux gratuits, 1 RTT/mois, Prime rentabilité",CDI
18/02/2019,FR,GAMEPLAY PROGRAMMER,H,Paris,"51,400 €",EUR,,1.5,,"A ce qui parait on a une grille de salaire interne, on la cherche toujours. Ingénieur ETAM sous Syntec , 37h, CDI"
20/02/2019,FR,GAMEPLAY PROGRAMMER,H,Paris,"52,400 €",EUR,,2,"tickets resto, 50% transports, mutuelle",CDI
03/03/2019,FR,GAMEPLAY PROGRAMMER,H,Paris,"53,400 €",EUR,,0.5,"Ticket Restaurant (9€), 50% Transport, Mutuelle, Statut Cadre dès l'embauche",CDI - Cadre
25/02/2019,FR,GAMEPLAY PROGRAMMER,H,Paris,"54,400 €",EUR,,5,Mutuelle / transport,CDI
25/02/2019,FR,GAMEPLAY PROGRAMMER,H,Paris,"56,400 €",EUR,,2.5,"1RTT/mois, remboursement transport 50%, mutuelle",CDD - 39h
18/02/2019,FR,GAMEPLAY PROGRAMMER,H,Paris,"57,400 €",EUR,,1.5,"50% transport, tickets restos, mutuelle, RTT, CE","CDI 37,5h"
26/02/2019,FR,GAMEPLAY PROGRAMMER,H,Paris,"59,400 €",EUR,,1,"Mutuelle, 50% transports, tickets resto, primes",CDD 38h
18/02/2019,FR,GAMEPLAY PROGRAMMER,H,Paris,"61,400 €",EUR,,2,"Subvention cantine 4€, Mutuelle, 50% transport en commun, team building",CDI 35h
19/02/2019,FR,GAMEPLAY PROGRAMMER,H,Toulouse,"65,400 €",EUR,,7,Full télétravail,CDI
19/02/2019,FR,GAMEPLAY PROGRAMMER,H,Tourcoing,"63,400 €",EUR,,2,"50% tickets resto, 50% mutuelle",CDD
09/06/2020,FR,GENERALIST PROGRAMMER,F,Montpellier,"69,400 €",EUR,,1.5,"Télétravail, horaires flexibles",CDI
04/03/2019,FR,GENERALIST PROGRAMMER,H,Paris,"66,400 €",EUR,,8,"Teletravail, jeux gratuits",CDI
20/02/2019,FR,GENERALIST PROGRAMMER,H,Paris,"67,400 €",EUR,,4,"Transports 50%, fruits toutes les semaines",CDI 35h
18/02/2019,FR,GENERALIST PROGRAMMER,NB (percu F),Paris,"30,000 €",EUR,,2.5,"titre transport (50%), mutuelle (50%), chèques à noel, une partie de la cantine d'entreprise, pas de crunch et heures supp payées quand il y en a",CDI
18/02/2019,FR,GENERALIST PROGRAMMER,H,Paris,,EUR,450 €,10,,Auto-entrepreneur
19/02/2019,FR,GÉRANT / CHEF DE PROJET,H,Montpellier,,EUR,,7,,Gérant SAS
18/02/2019,FR,GRAPHIC PROGRAMMER JUNIOR,H,Paris,"20,400 €",EUR,,1,"titre transport (50%), mutuelle (50%), chèques à noel, une partie de la cantine d'entreprise, pas de crunch et heures supp payées quand il y en a",
18/02/2019,FR,GRAPHISTE,F,Lille,"18,000 €",EUR,,5,"La liberté (créative, horaires, etc.)",Gérante 
25/02/2019,FR,GRAPHISTE,H,Lille,"33,600 €",EUR,,11,"Avantages entreprise (Tickets restau, Remboursement transport 50%, CE, Mutuelle, PEE, Prime de participation...)",CDI 35H
23/02/2019,FR,GRAPHISTE,H,Nantes,"19,200 €",EUR,,3,"50% transports, mutuelle, baby-foot (lol). PAS de tickets resto !",CDD 35H
03/01/2019,FR,GRAPHISTE,H,Nantes,"40,000 €",EUR,,10,"Bonne mutuelle, Participation",CDI
21/02/2019,FR,GRAPHISTE,F,Paris,"30,000 €",EUR,,5,"Tickets restaurants, Remboursement du Pass Navigo, Mutuelle, Prime de participation, CE",CDI 39h
25/02/2019,FR,GRAPHISTE,F,Paris,"32,000 €",EUR,,0.5,"Ticket Resto (9€), RTT, réductions sur abonement de sport, prime",CDD - 39H
18/02/2019,FR,GRAPHISTE 2D,H,Montpellier,"40,000 €",EUR,,20,"tickets resto, heures supp rémunérées, mutuelle, matériel",
18/02/2019,FR,GRAPHISTE 3D,F,Paris,"25,000 €",EUR,,1,50% transport,CDI
24/08/2020,FR,HOUDINI TECH ARTIST,H,,"30,000 €",EUR,,1,"Ticket resto, 50% transports, CE, prime vacances, prime de participation, café fruits",CDD - Cadre
19/02/2019,FR,INDIE DEV + FREELANCE GD/DEV,H,Aix,"26,000 €",EUR,400 €,12,,Freelance AGESSA
02/09/2020,FR,INTEGRATEUR,H,Bordeaux,"26,000 €",EUR,,2,"Ticket resto, 50% transports, prime de participation, café ",CDD - Cadre
01/01/2017,FR,JUNIOR ANIMATOR,H,Paris,"28,000 €",EUR,,0.5,"Tickets Restaurants, Remboursement de la carte de Transports en Commun (Pass Navigo)",CDI
19/02/2019,FR,JUNIOR ASSOCIATE PRODUCER,NB (perçu F),Paris,"24,600 €",EUR,,0.5,"Transport 50%, tickets restaurant, congées payées, jeux dématerialisés, panier de fruit/fruits secs",CDD / 38H
19/02/2019,FR,JUNIOR ASSOCIATE PRODUCER,F,Paris,"42,000 €",EUR,,5,"Heures sup, participation, jeux gratuits",CDI
26/02/2019,FR,JUNIOR ASSOCIATE PRODUCER,H,Villeurbanne,"25,200 €",EUR,,2.5,"Transport 50%, Mutuelle",CDD 35h
11/06/2021,FR,JUNIOR GAME DESIGNER,H,Paris,"30,000 €",EUR,,0,"Transport 50%, Mutuelle, Titres restaurants, jeux offerts, heures sup payées",CDI 35h (après 4 mois mois de stage + 1 an contrat de professionalisation)
19/02/2019,FR,JUNIOR GAMEPLAY PROGRAMMER,H,Annecy,"33,000 €",EUR,,2,"Primes de projet, intéressement-participation, jeux gratuits, heures sup payées, tickets restos","CDI après 6 mois de stage et 18mois de CDD, puis CDI, 37h, 1 RTT/mois"
21/04/2021,FR,JUNIOR GAMEPLAY PROGRAMMER,H,Montpellier,"33,500 €",EUR,,3,"Tickets resto (9€, 60% par l'entreprise)",CDI après 6 mois de stage et 18mois de CDD
19/02/2019,FR,Junior Gameplay Programmer,F,Paris,"35,000 €",EUR,,0.5,"12 jeux gratuits au choix / an, snacks illimité, horaires flexibles, team building",
20/02/2018,FR,JUNIOR GAMEPLAY PROGRAMMER,H,Paris,"35,000 €",EUR,,3,"Tickets resto (9€, 60% par l'entreprise), mutuelle 50%, transport 50%","CDI - Un an d'xp dans le JV, 2 dans le web"
17/03/2022,FR,Junior Gameplay Programmer,H,Paris,"37,000 €",EUR,,1,"Ticket resto (9€, 50% par l'entreprise), transport 50%, 4 jeux gratuits/an, CE, intéressement&participation","CDI - 37h, après sortie d'étude (1an alternance + des stages)"
09/08/2021,FR,JUNIOR GAMEPLAY PROGRAMMER,H,Montpellier,"32,000 €",EUR,,0,"Ticket resto, 50% transports, mutuelle, CE, prime vacances, prime de participation, jeux gratuits, investissement",CDD
06/12/2021,FR,JUNIOR GAMEPLAY PROGRAMMER,F,Montpellier,"21,600 €",EUR,,0,"Ticket resto, 50% transports, mutuelle, prime vacances, prime de participation",CDD - 35h
19/02/2019,FR,JUNIOR GRAPHICS PROGRAMMER,H,Lyon,"20,400 €",EUR,,0.5,,CDD
20/02/2021,FR,JUNIOR LEVEL DESIGNER,H,Annecy,"28,000 €",EUR,,<1,"Ticket resto, RTT, mutuelle, transports, prime de vacances, heures supp rémunérées, jeux gratuit, fruits café evenement, ",CDD 35h
07/04/2021,FR,JUNIOR LEVEL DESIGNER,H,Annecy,"30,000 €",EUR,,3,,CDI 37h
19/02/2019,FR,JUNIOR ONLINE PROGRAMMER,H,Montpellier,"31,000 €",EUR,,1,"Projets AAA, CE, Ambiance",CDD
10/07/2021,FR,JUNIOR ONLINE PROGRAMMER,H,Montpellier,"32,000 €",EUR,,1,"Ticket resto, 50% transports, mutuelle, CE, prime vacances, prime de participation, jeux gratuits, investissement",CDD
18/02/2019,FR,JUNIOR PROGRAMMER,H,Lyon,"26,400 €",EUR,,2.5,"Mutuelle, 50% Transport, prime de fin de projet, et ambiance générale très agréable",CDI 35h - Programmeur couteau suisse - Boite indé d'une 15aine de personne. Heure sup non payé (Mais jamais demandé)
18/02/2019,FR,JUNIOR PROGRAMMER,H,Paris,"31,000 €",EUR,,2,Télétravail total,
04/11/2021,FR,JUNIOR PROJECT COORDINATOR,F,Bordeayx,"30,000 €",EUR,,1,"Tickets resto (9€ payés à 50% par l'entreprise), 50% du titre de transport, 2 à 4 jeux en boîte, tous les jeux dématérialisés sur PC, Mutuelle, réductions possibles sur des abonnements de sport, réductions de billetterie, café/thé gratuit, Télétravail possible, flex office","CDD 6 mois, 37h par semaine, 1RTT par mois
Après 6 mois de stage (+6 mois dans la même boîte 2 ans avant)"
18/02/2019,FR,JUNIOR QA,H,Paris,"23,500 €",EUR,,0.75,"Tickets restau, 50% du titre de transport, Tous les jeux de la boites en démat, 2 jeux de la boite à l'année, Intéréssement au bénéfice",CDD 1 an 37H par semaine + 1 RTT par mois
12/05/2021,FR,JUNIOR TECHNICAL GAME DESIGNER,H,Annecy,"28,000 €",EUR,,0,"Ticket resto, 50% transports, mutuelle, CE, prime vacances, prime de participation",CDD
19/02/2019,FR,JUNIOR TOOLS PROGRAMMER,H,Lyon,"31,800 €",EUR,,3,"Transport 50%, Ticket resto 7.5€, panier fruit, Bon bureau, Respect lois, TeamBuilding. Statut Cadre",CDD - 1 an - 35h
09/04/2020,FR,JUNIOR TOOLS PROGRAMMER,H,Montpellier,"31,000 €",EUR,,2,"Transport 50%, Tickets Resto 9€, pas dégueu",CDD 37h
12/11/2021,FR,JUNIOR VOICE DESIGNER,H,Paris,32 000 €,EUR,,2,"Remote, mutelle, ticket resto, 50% transport, CE, interessement, participation, prime projet, formations",CDI - 38h
13/08/2021,FR,KNOWLEDGE MANAGER,F,Paris - Montpellier,"42,500 €",EUR,,1,"Tickets resto 200€, mutuelle, full télétravail, possibilité de déménager où je veux en France,  RTT, pas d'heures supp, chèques cadeaux CSE/Entreprise",CDI - Cadre (12 années XP en tout)
07/04/2021,FR,LEAD 3D ARTIST,H,Paris,"74,000 €",EUR,,7,"RTT, Tickets Resto, 50% Transports, Primes sur objectifs",CDI - Cadre
20/02/2019,FR,LEAD ARTIST,H,La Bastide de Seroux/Paris,"21,600 €",EUR,,2,"Ambiance, horaires flexibles",Freelance
20/02/2019,FR,LEAD ARTIST,H,Lyon,"40,000 €",EUR,,10,"Ticket resto, 50% transport, Mutuelle, prime Juin + décembre",CDI 39h
20/02/2019,FR,LEAD ARTIST,H,Paris,"42,000 €",EUR,,7,"Action en cours d'aquisition, Ticket resto, 50% transport, Mutuelle",CDI 35h
21/02/2019,FR,LEAD ARTIST 3D,H,Paris,"29,000 €",EUR,,4,Transports 50%,CDI
27/02/2019,FR,LEAD DESIGNER,H,-,"45,360 €",EUR,300.00 €,10,nada,Micro Entreprise - 4j/5
19/02/2019,FR,LEAD DEVELOPER,H,Bordeaux,"18,200 €",EUR,,3,,CDI - 35h
26/02/2019,FR,LEAD DEVELOPER,H,Lyon,"32,400 €",EUR,,12,Mutuelle,CDI - Cadre
18/02/2019,FR,LEAD DEVELOPER,H,Montpellier,"31,500 €",EUR,,15,"Tickets resto (10 €), Frais parking 50%, possibilité de télétravail, horaires flexibles",Statut cadre
19/02/2019,FR,LEAD DEVELOPER,H,Montpellier,"43,200 €",EUR,,6,"Tickets Resto, Mutuelle",CDI - Cadre
25/02/2019,FR,LEAD DEVELOPER,H,Paris,"37,200 €",EUR,,5,"Mutuelle nulle, 50% transport, interessement",CDI 35H
27/05/2019,FR,LEAD DEVELOPER,H,Paris,"37,800 €",EUR,,5,Frais d'admission cantine.,CDI
19/02/2019,FR,LEAD ENV ARTIST,F,Nanterre,"35,400 €",EUR,,24,"Actions en cours d'acquisition, télétravail partiel (sous conditions),prime vacances,chèque cadeau Noël",CDI
19/02/2019,FR,LEAD ENV CONCEPT ARTIST,H,Paris,"47,000 €",EUR,,8,"Tres bonne conditions de travail. Avantages en nature et partage des profits. Tickets restos, mutuelle, 50% transports, congé. ",CDI - 35h
18/02/2019,FR,LEAD GAME DESIGNER,H,Paris,"38,000 €",EUR,,4,"50% transports en communs, Prime annuelle 10% du brut (sur performances donc plutôt 7%), café gratuit",
18/02/2019,FR,LEAD GAME DESIGNER,H,Lille,"29,000 €",EUR,,5,"Transport 50%, Mutuelle, CE, Tickets Restaurants, Prime participation annuelle (environ 1500€)",CDI
18/02/2019,FR,LEAD GAME DESIGNER,H,Paris,"40,000 €",EUR,,8,"Tickets restau (50%), titre transport (50%), café, horaires souples, CE, 1 RTT / mois, panier de fruit 1 fois / semaine, cheque cadeau a Noel, benef (s'il y en a)",
20/02/2019,FR,LEAD GAME DESIGNER,H,Paris,"44,000 €",EUR,,10,"tickets resto, 50% transports, mutuelle, jeux gratuits, prime à la rentabilité","CDI 37,5h (1RTT par mois)"
18/02/2019,FR,LEAD GAME DESIGNER,H,Bordeaux,"33,000 €",EUR,,10,"Mutuelle, primes d'intéressement",
20/02/2019,FR,LEAD GAME DESIGNER,H,Paris,"46,000 €",EUR,,24,"TR, Transport,mutuelle",CDI - 35h
22/02/2022,FR,LEAD IT,M,Cergy,"34,800 €",EUR,,8,"Bonus Project, mutuelle, prime noel/vacances/participation/ancienneté",CDI - Cadre
08/06/2019,FR,LEAD LEVEL DESIGNER,H,Annecy,"45,000 €",EUR,,8,"CE, Ticket Resto, RTT, primes, jeux gratuits, intéressements, heures sup",CDI - Cadre
01/09/2020,FR,LEAD LEVEL DESIGNER,H,Nice,"36,000 €",EUR,,3,"Ticket Resto, primes, heures sup, 50% transports, Mutuelle",CDI - Cadre - 35h
19/02/2019,FR,LEAD LEVEL DESIGNER,H,Lille,"28,800 €",EUR,,8,"Tickets restos, 50% transports, avantages CE, prime vacances, chèque Noël, prime de participation",
31/03/2022,FR,LEAD LEVEL DESIGNER,H,Lyon,"33,600 €",EUR,,3,"Ticket Resto, 50% transport",CDI - Cadre - 35H
18/02/2019,FR,LEAD LIGHTING ARTIST,H,Paris,"45,000 €",EUR,,10,"Transport 50%, Mutuelle, CE, Tickets Restaurants",CDI
19/02/0219,FR,LEAD ONLINE PROGRAMMER,H,Paris,"52,000 €",EUR,,15,prime potentiel (1 mois),CDI - Cadre
03/09/2020,FR,LEAD ONLINE PROGRAMMER,H,Nice,"44,000 €",EUR,,4,"Ticket Resto, primes, heures sup, 50% transports, Mutuelle",CDI - Cadre - 39h
25/07/2019,FR,LEAD PROGRAMMER,H,Paris,"51,000 €",EUR,,8,60% mutuelle + 2 journée de télétravail / mois,"CDI - 37,5H"
08/06/2020,FR,LEAD QA,F,Paris,"26,460 €",EUR,,4,"50% tickets resto, 50% navigo, mutuelle, jeux de la boîte",CDI
20/02/1019,FR,LEAD QA TESTER,F,Paris,"25,000 €",EUR,,1,,CDD 38h
20/02/2019,FR,LEAD QA TESTER,H,Paris,"25,200 €",EUR,,2.5,"Tickets restau (10€), Mutuelle, 50% du transport",CDI
18/02/2019,FR,LEAD QA TESTER,H,Paris,"28,400 €",EUR,,4,"Ticket restau (10€), Mutuelle, 50% du transport",CDI
12/10/2020,FR,LEAD QA TESTER,F,Lyon,"27,619 €",EUR,,1,"Tickets restaurants, 50% mutuelle, interessement, chèque cadeaux Noël, télétravail, horaires libres ",CDI - 37h 
15/09/2019,FR,LEAD UI PROGRAMMER,H,Paris,"50,000 €",EUR,,8,,CDI 37h (1 RTT/Mois)
14/11/2020,FR,LEAD USER RESEARCHER,H,Paris,"37,000 €",EUR,,2,"tickets resto, intéressement, jeux gratuits, CE, prime vacances, RTT","CDI, 39h cadre"
18/02/2019,FR,LEAD UX/UI DESIGNER,H,Paris,"42,000 €",EUR,,11,"Mutuelle, 50% transport","CDI, 39h"
18/02/2019,FR,LEVEL ARTIST,H,Montpellier,"29,000 €",EUR,,3,"tickets resto, heures supp et rtt, 50% transports, prime renta, mutuelle, CE, jeux gratuits, fruits évènements et autres divers...","CDD, 35h"
21/02/2019,FR,LEVEL ARTIST,H,Montpellier,"29,290 €",EUR,,3,,CDD
21/02/2019,FR,LEVEL ARTIST,F,Montpellier,"33,000 €",EUR,,4,"Tickets resto, mutuelle",CDI
21/02/2019,FR,LEVEL ARTIST,F,Montpellier,"33,500 €",EUR,,5,,CDI
19/02/2019,FR,LEVEL ARTIST JUNIOR,H,Paris,"28,890 €",EUR,,2,"Tickets Resto, RTT, prise en charge de moitié des transports",CDD 
18/02/2019,FR,LEVEL BUILDER,H,Lille,"27,600 €",EUR,,7,"50% transport, tickets resto, mutuelle, prime participation, prime vacance et check cadeau de fin d'année",CDI agent de maîtrise
02/04/2019,FR,LEVEL DESIGNER,H,Strasbourg,"18,000 €",EUR,,1,"Mutuelle, transport 50%",CDD 35h
18/02/2019,FR,LEVEL DESIGNER,H,Bordeaux,"25,000 €",EUR,,2,"tickets resto, RTTs,50% transports,jeux gratuits+primes, fruits, CE, mutuelle",CDD
20/01/2020,FR,LEVEL DESIGNER,F,Bordeaux,"25,200 €",EUR,,1,"Ticket resto, mutuelle, heures supp rémunérées",CDD - 35h
19/02/2019,FR,LEVEL DESIGNER,H,Lyon,"27,000 €",EUR,,1,Tickets resto,CDD
01/05/2019,FR,LEVEL DESIGNER,H,Mons,"22,000 €",EUR,,1,"Ticket resto, mutuelle",CDD - 39h
18/02/2019,FR,LEVEL DESIGNER,F,Montpellier,"27,000 €",EUR,,1,"Heures supp rémunérées, titre transport (50%), Fruits, CE, Tickets Restau",
18/02/2019,FR,LEVEL DESIGNER,F,Montpellier,"27,000 €",EUR,,1,"tickets resto, fruits, heures supp rémunérées, mutuelle, CE, soleil et collègues sympas :)",
18/02/2019,FR,LEVEL DESIGNER,H,Montpellier,"32,000 €",EUR,,5,"tickets resto, fruits, heures supp rémunérées, mutuelle, CE",
12/03/2020,FR,LEVEL DESIGNER,H,Paris,"9,600 €",EUR,,0,"50% transports, CE, Mutuelle",Stage 5 Mois 35H
20/02/2019,FR,LEVEL DESIGNER,F,Paris,"26,000 €",EUR,,1,"Tickets resto (9€, 50% par l'entreprise), transport 50%","CDD 37,5h (1RTT par mois)"
03/03/2019,FR,LEVEL DESIGNER,F,Paris,"26,000 €",EUR,,1,"Tickets resto (9€, 50% par l'entreprise), transport 50%",CDD 39h
28/05/2020,FR,LEVEL DESIGNER,H,Paris,"29,000 €",EUR,,4,"Tickets Resto, 50% Transports, Mutuelle",CDI
20/02/2019,FR,LEVEL DESIGNER,H,Paris,"30,000 €",EUR,,3,Mutuelle et RTT,
18/02/2019,FR,LEVEL DESIGNER,H,Paris,"30,000 €",EUR,,2,"tickets restau (180€ par mois) payé à 50% par l'entreprise, heures supplémentaires rémunérées",
19/02/2019,FR,LEVEL DESIGNER,H,Paris,"30,300 €",EUR,,5,,
19/02/2019,FR,LEVEL DESIGNER,H,Paris,"32,000 €",EUR,,3,"Tickets Resto, heures supp rémunérées, Mutuelle, CE, fruits/café/thé",CDI
22/02/2019,FR,LEVEL DESIGNER,H,Paris,"33,000 €",EUR,,7,"Tickets resto, 50% transports, mutuelle, prime à la rentabilité, CE, jeux gratuits etc...",CDI 35H
19/02/2019,FR,LEVEL DESIGNER,F,Paris,"33,000 €",EUR,,4,"Tickets restos, mutuelle, 50% transports, RTT",CDI - 37h
03/06/2021,FR,LEVEL DESIGNER,F,Lyon,"24,000 €",EUR,,2,"Télétravail, mutuelle",CDI 35H
12/02/2020,FR,LEVEL DESIGNER,H,Paris,"25,200 €",EUR,,1,"Tickets resto, transport 50%, mutuelle",CDI
18/02/2019,FR,LEVEL DESIGNER / GRAPH 2D,F,Montpellier,"26,000 €",EUR,,5,Mutuelle et RTT,CDD 39h avec RTT pour revenir aux 35h
06/04/2021,FR,LIGHTING ARTIST,H,Paris,"34,000 €",EUR,,2,"Tickets resto, 50% transports, Mutuelle, Prime vacances, 2 jours de Télétravail/mois, Télétravail 100% possible ",CDI
23/04/2021,FR,LIGHTING ARTIST,F,Bordeaux,"30,600 €",EUR,,5,"Tickets resto, Transports 50%, primes de fin d'année (env 100€), prime vacances (~300€ brut) ",CDI 35H
18/02/2019,FR,MARKETING,F,Montpellier,"24,000 €",EUR,400 €,10,"Tickets restaurant, bonus sur objectif",
18/02/2019,FR,MARKETING,H,Montpellier,"25,000 €",EUR,400 €,12,Freelance ,
18/02/2019,FR,MARKETING,F,Montpellier,"27,000 €",EUR,400 €,9,,
04/03/2019,FR,MARKETING,H,Paris,"29,000 €",EUR,,6,"Bonus obligatoires employeur (CE, 50% navigo, cantine, 50% mutuelle) + prime d'intéressement (200€ en 4 ans) + prime de vacances (200€/an ~)",CDI 37h 1RTT/mois
18/02/2019,FR,MARKETING,H,Paris,"30,000 €",EUR,,1,"Prime d'intéressement annuelle, Tickets restau (10e), équipe exceptionnelle, snacks, boisson, fruits gratuits","il y a une grille de salaire, pour le même poste tout le monde est payé pareil (homme ou femme)"
28/01/2020,FR,MARKETING,F,Paris,"31,000 €",EUR,,<1,"Ticket resto, 50% transport, mutuelle, RTT, fruits/thé/café en libre service, soirée d'entreprises, formations, certifications, invitation par les régies publicitaires",CDI - Cadre - 37h
18/02/2019,FR,MARKETING,H,Toulouse,"20,000 €",EUR,300 €,4,Travailler avec des indés / liberté d'esprit,"Freelance pendant 3 ans, auj temps partiel 3/5 + revenus / activités à côté
"
19/09/2021,FR,MARKETING DEVELOPER,H,Paris,"35,000 €",EUR,,0,"Ticket resto(10€), mutuelle, primes de performances, actions a l'embauche, télétravail partielle, Gymlib(100%)",CDI
20/02/2019,FR,NARRATIVE DESIGNER,H,Bordeaux,"26,400 €",EUR,,2.5,"Tickets resto (9€, 75% par l'entreprise), Transports 50%, Mutuelle (100% par l'entreprise), prime rentabilité, jeux gratuits, CE ",CDD 35h
18/02/2019,FR,NARRATIVE DESIGNER,H,Lyon,"31,000 €",EUR,,5,"Mutuelle, titres resto",CDD
20/02/2019,FR,NARRATIVE DESIGNER,F,Paris,"26,400 €",EUR,,1,"Tickets resto (9€, 50% par l'entreprise), transport 50%",CDD 39h
04/05/2020,FR,NARRATIVE DESIGNER,F,Paris,"30,000 €",EUR,,3,"Tickets resto (9€, 50% par l'entreprise), transport 50%, mutuelle, intéressement, RTT, etc",CDI
20/10/2021,FR,NARRATIVE DESIGNER,F,Paris,"35,200 €",EUR,,4,"Tickets resto (9€, 50% par l'entreprise), transport 50%, mutuelle, intéressement, RTT, etc",CDI
19/02/2019,FR,NARRATIVE DESIGNER,F,Paris,"31,800 €",EUR,,3,Actions. télétravail partiel. ,CDI
23/04/2020,FR,NARRATIVE DESIGNER,H,Paris,"26,500 €",EUR,,1,Horaires libres,CDD 35h
04/03/2019,FR,NARRATIVE DESIGNER,H,Paris,"28,800 €",EUR,,4,"Tickets restaurant, Actions",CDI
18/02/2019,FR,OG (?),H,Ribeauvillé,"21,600 €",EUR,,3,"+ royalties, télétravail total, horaires libres, participations aux salons aux frais du studio, ambiance géniale",
18/02/2019,FR,ONLINE DEVELOPER,H,Lyon,"29,000 €",EUR,,3.5,"mutuelle, tickets restos, intéressement, CE50% transports, RTT",Salarié - Cadre
18/02/2019,FR,ONLINE PROGRAMMER,H,Nice,"38,000 €",EUR,,3,"Tickets restos, 50% transports, prime vacances, mutuelle, fruits",Salarié cadre CDI 39h
01/04/2022,FR,ONLINE PROGRAMMER,H,Annecy,"45,000 €",EUR,,12,"Ticket Resto, CE, RTT, primes, jeux gratuits, intéressements",CDI - Technicien
19/02/2019,FR,PRODUCER,H,Lille,"40,000 €",EUR,,6,"Ticket resto, chèques vacances, PEE, mutuelle à 100%, CE",CDI - Cadre
18/02/2019,FR,PRODUCER,H,Lille,"45,000 €",EUR,,8,,
19/02/2019,FR,PRODUCER,H,Lille,"48,000 €",EUR,,5,"Ticket resto, RTT, 50% transports, CE",CDI - Cadre
19/02/2019,FR,PRODUCER,F,Paris,"33,000 €",EUR,,3,"Tickets resto, 50% transports, CE, participation (<tout ça obligatoire), primes exceptionnelles, café et fruits offert",CDI
18/02/2019,FR,PRODUCER,F,Paris,"36,000 €",EUR,,4,,
19/02/2019,FR,PRODUCER,H,Paris,"45,000 €",EUR,,12,"RTT, 50% transport, Panier fruits, Mutuelle, prime 13eme mois",CDI - Cadre
19/02/2019,FR,PRODUCER,H,Paris,"48,000 €",EUR,,7,"Ticket restau, mutuelle et 50% transports ",CDI
9/29/2021,FR,PRODUCER,F,Paris,"51,000 €",EUR,,15,"Tickets resto (9€, 50% par l'entreprise), transport 50%, mutuelle, RTT, télétravail à volonté",CDI (cadre autonome) - 40h
07/06/2020,FR,PRODUCER,F,Paris,"50,000 €",EUR,,10,"Tickets resto (9€, 50% par l'entreprise), transport 50%, mutuelle, actions, RTT",CDI (cadre autonome) - 40h
18/02/2019,FR,PRODUCER,H,Reims,"33,000 €",EUR,,1,Bonus d'apporteur d'affaire,Salarié - Cadre
17/08/2021,FR,PRODUCER,H,Nantes,"23,400 €",EUR,,0,"50% transport, mutuelle",CDI
18/08/2020,FR,PRODUCER,H,Paris,"32,000 €",EUR,,5,"TR/Mutuelle/Participation/Télétravail Partiel
Pas de RTT, pas d'heures supp",Salarié - Cadre
19/02/2019,FR,PRODUCT OWNER,H,Paris,"70,000 €",EUR,,13,"Tickets resto, primes, stock options",
25/02/2021,FR,PROGRAMMER,H,Angoulême,"30,000 €",EUR,,2,,statut artiste auteur
19/02/2019,FR,PROGRAMMER,H,Bruxelles,"21,400 €",EUR,,4,Transport 100%,
26/02/2019,FR,PROGRAMMER,H,Lyon,"26,400 €",EUR,,6.5,heure sup passé en récup (mais non majoré),CDI 35h
26/02/2019,FR,PROGRAMMER,H,Lyon,"27,600 €",EUR,,11,,CDI 35h
25/02/2019,FR,PROGRAMMER,H,Lyon,"41,580 €",EUR,,5,"Indemnité vélo (200€/an), sport(~150€/an), tickets resto",CDI
19/02/2019,FR,PROGRAMMER,H,Melun,"34,800 €",EUR,,6,WFH,"CDI, Associé"
26/02/2019,FR,PROGRAMMER,H,Montpellier,"28,800 €",EUR,,9,Auteur = intéressement,Auteur
22/04/2021,FR,PROGRAMMER,H,Bordeaux,"33,000 €",EUR,,3.5,"Tickets resto, Transports 50%, primes de fin d'année (env 100€), prime vacances, actions, jeux gratuits","CDI, cadre"
18/02/2019,FR,PROGRAMMER SENIOR,H,Lyon,"37,000 €",EUR,,7,,
18/02/2019,FR,PROGRAMMER SENIOR,H,Montpellier,"39,500 €",EUR,,6,"Tickets Resto, Mutuelle, avantages CE, 1 RTT / mois, prime éventuelle sur rentabilité",Salarié - Cadre
18/02/2019,FR,PROGRAMMER SENIOR,H,Paris,"62,000 €",EUR,,22,,
18/02/2019,FR,PROGRAMMER SENIOR,H,Paris,"90,000 €",EUR,,16,,CDI Gérant
11/10/2021,FR,PROJECT COORDINATOR,F,Montpellier,"33,080 €",EUR,,4,"TR (9€), 50% transport, mutuelle, statut cadre, intéressement, CE, jeux gratuits",CDI
04/09/2020,FR,PROJECT COORDINATOR,F,Paris,"28,500 €",EUR,,3,"Tickets Restaurants (9€), 50% transport, mutuelle, cadre, intéressement, CE",CDD
10/12/2021,FR,PROJECT COORDINATOR,H,Paris,"41,000 €",EUR,,6,"Tickets Restaurants (9€), 50% transport, mutuelle, cadre, intéressement, CE",
18/02/2019,FR,PROJECT COORDINATOR,F,Paris,"36,000 €",EUR,,4,"Jeux gratuits, prime à la rentabilité, corbeilles de fruits à disposition","Salariée, CDD"
19/03/2019,FR,PROJECT MANAGER,H,Paris,"35,000 €",EUR,,3,,"Salariée, CDD"
13/10/2021,FR,QA ANALYST,H,Paris,"29,320 €",EUR,,2,"Participation, tickets resto, les jeux de la boite en démat, version boite des projets sur lesquels j'ai bossé",CDI
19/02/2019,FR,QA ANALYST,H,Paris,"21,100 €",EUR,,2,"Participation, tickets resto, les jeux de la boite en démat, version boite des projets sur lesquels j'ai bossé",CDD
21/02/2019,FR,QA TESTER,H,Lyon,"20,400 €",EUR,,1.5,,CDD
06/08/2020,FR,QA TESTER,H,Montpelier,"23,000 €",EUR,,2,"Tickets restos, 50% transports, avantages divers (CE, reduction loisirs, jeux gratuits...), 1 RTT par mois",CDD
18/02/2019,FR,QA TESTER,H,Montpellier,"22,000 €",EUR,,3,"Tickets restos, 50% transports, avantages divers (CE, reduction loisirs, jeux gratuits...), 1 RTT par mois",CDD 37.5
18/02/2019,FR,QA TESTER,F,Paris,"18,000 €",EUR,,2,"Tickets restos, Mutuelle, 50% transports, prime vacances, consoles de jeux en salle de pause",
03/03/2019,FR,QA TESTER,F,Paris,"24,000 €",EUR,,3.5,"Tickets Resto (8€, 50% par l'entreprise), Transport 50%, mutuelle, CE ( réduction cinema et billetterie loisir)",CDI
19/20/2019,FR,QA TESTER,F,Paris,"22,000 €",EUR,,3,"Tickets restos, mutuelle, 50% transports, RTT",CDD - 37h
30/03/2022,FR,QA TESTER,H,Lille,"24,000 €",EUR,,3,"Ticket resto, mutuelle, CE (billetterie + chèques cadeaux noel), salle de sport, 50% transport, prime vacances, prime participation",
02/09/2020,FR,QUEST DESIGNER,H,Bordeaux,"29,400 €",EUR,,3,"Tickets resto (8€, 50% par l'entreprise), Transports 50%, Mutuelle (50% par l'entreprise)",CDI - 35h
02/09/2020,FR,QUEST DESIGNER,F,Bordeaux,"26,400 €",EUR,,1.5,"Tickets resto (8€, 50% par l'entreprise), Transports 50%, Mutuelle (50% par l'entreprise)",CDD 18 mois - 35h
03/04/2020,FR,QUEST DESIGNER,F,Bordeaux,"30,600 €",EUR,,3,"Tickets resto (8€, 50% par l'entreprise), Transports 50%, Mutuelle (50% par l'entreprise)",CDI - 35h
22/04/2021,FR,QUEST DESIGNER,H,Bordeaux,"28,800 €",EUR,,3,"Tickets resto (8€, 50% par l'entreprise), Transports 50%, Mutuelle (50% par l'entreprise)",CDI - 35h
19/02/2019,FR,RELEASE MANAGER,H,Montpellier,"42,500 €",EUR,,6,Ticket resto,CDI - Cadre
09/06/2020,FR,RESSOURCES HUMAINES,F,Annecy,"30,000 €",EUR,,5,"Ticket Resto, CE, RTT, primes, jeux gratuits, intéressements",CDI
18/02/2019,FR,SCÉNARISTE/NARRATIVE DESIGN,H,Bordeaux,"25,000 €",EUR,300 €,9,Être libre et indépendant et aussi boire du bon thé et du bon café.,Micro entreprise
26/02/2019,FR,SCÉNARISTE/NARRATIVE DESIGN,H,Marseille,"30,000 €",EUR,400 €,3,,freelance
18/02/2019,FR,SCÉNARISTE/NARRATIVE DESIGN,H,Toulouse,,EUR,400 €,3,,freelance
20/02/2019,FR,SENIOR 3D ARTIST,H,Lyon,"33,000 €",EUR,,13,"50% transports, 50% ticket resto, mutuelle, 4 jeux offert/an, CE, RTT",CDI - 37h
18/02/2019,FR,SENIOR 3D ARTIST,H,Paris,"40,000 €",EUR,,10,"Avantages divers (CE, reduction loisirs, jeux gratuits...), 1 RTT par mois, équivalent 13e mois, intéressement",CDD
18/02/2019,FR,SENIOR 3D ARTIST,H,Paris,"41,000 €",EUR,,13,"Tickets restos, 50% transports, avantages divers (CE, reduction loisirs, jeux gratuits...), 1 RTT par mois","CDI, Bonus sur objectifs inclus dans le salaire, intéressement"
19/02/2019,FR,SENIOR 3D ARTIST,H,Paris,"43,000 €",EUR,,13,"50% transports, 50% ticket resto, mutuelle, 4 jeux offert/an, CE, RTT",CDI - 37h
19/02/2019,FR,SENIOR ANIMATOR,H,Bordeaux,"42,000 €",EUR,,10,"que dalle, statut freelance",CDI 39h
18/02/2019,FR,SENIOR BACKEND DEVELOPER,H,Paris,"51,000 €",EUR,,10,"Tickets restos, Mutuelle, Remote à volonté (dans la limite du raisonnable), Horaires flexibles, Consoles de jeux, Bonne ambiance, RTT et jours de récup en cas d'heures supplémentaires, possibilité d'utiliser les locaux pour regarder des films ou autres activités en dehors des horaires de travail",Salarié aux 38h30
25/11/2021,FR,SENIOR BACKEND DEVELOPER,F,Lille,45 000 €,EUR,,6,"Tickets restos, 50% transport (obligation légale), 50% mutuelle (obligation légale), prévoyance, panier de fruits, boissons, prime d'intéressement, TT 2 jours min.","CDI 37,5h - Cadre"
20/02/2019,FR,SENIOR CHARACTER ARTIST,H,Paris,"44,000 €",EUR,,9,"tickets resto, 50% transports, mutuelle, jeux gratuits, prime à la rentabilité","CDD 37,5h (1RTT par mois)"
19/02/2019,FR,SENIOR CONCEPT ARTIST,H,Paris,"37,000 €",EUR,,12,"50% transport (obligation légale), 50% Mutuelle (obligation légale), Panier fruits, prime annuelle",CDI
11/03/2019,FR,SENIOR ENGINE PROGRAMMER,F,Paris,"48,000 €",EUR,,7,"Tickets restos, Mutuelle, 50% transports, jeux gratuits",CDI - 35h - Cadre
20/01/2020,FR,SENIOR ENGINE PROGRAMMER,H,Paris,"50,000 €",EUR,,8,"Tickets restos, Mutuelle, prévoyance, 50% transports, réduction sport","CDI 38,5h - Cadre"
18/02/2019,FR,SENIOR ENGINE PROGRAMMER,H,Paris,"51,000 €",EUR,,12,"Tickets restos, mutuelle, 50% transports",CDI
19/02/2019,FR,SENIOR ENGINE PROGRAMMER,H,Paris,"54,000 €",EUR,,19,"Tickets restos, mutuelle, 50% transports, télétravail 1j/semaine",CDI - 37h
25/02/2019,FR,SENIOR GAME DESIGNER,H,Lyon,"29,000 €",EUR,,12,"Mutuelle pas trop mal, bonne bouffe + micro prime à noel, super ambiance entre collègues, prise de congés peu contraignante",CDI
19/02/2019,FR,SENIOR GAME DESIGNER,H,Paris,"34,500 €",EUR,,14,"Ticket resto, RTT, 50% transports, CE, Panier fruits, Mutuelle",CDI
18/02/2019,FR,SENIOR GAME DESIGNER,H,Paris,"39,000 €",EUR,,6,"Snacks, boisson, fruits gratuits, soirées et sorties, supers ambiance et projets",
21/04/2021,FR,SENIOR GAMEPLAY PROGRAMMER,H,Annecy,"49,540 €",EUR,,13.5,"Primes de projet, intéressement-participation, jeux gratuits, tickets restos, RTT",CDI - 37h
19/02/2019,FR,SENIOR GAMEPLAY PROGRAMMER,H,Paris,"38,000 €",EUR,,8,,CDI
20/02/2019,FR,SENIOR GAMEPLAY PROGRAMMER,H,Paris,"40,000 €",EUR,,6,"prime annuelle, 50% transports, mutuelle",CDI 37h cadre
19/02/2019,FR,SENIOR GAMEPLAY PROGRAMMER,F,Paris,"46,500 €",EUR,,11,"Ticket resto, RTT, 50% transports, CE, Panier fruits, prime eventuelle de rentabilité",CDI - Cadre
18/02/2019,FR,SENIOR GAMEPLAY PROGRAMMER,H,Paris,"48,000 €",EUR,,12,"Mutuelle, CE qui se met en place (mais peu de moyen), 1 RTT / mois",
18/02/2019,FR,SENIOR GAMEPLAY PROGRAMMER,H,Paris,"49,000 €",EUR,,10,"Tickets Resto, Mutuelle, avantages CE, 1 RTT / mois, prime éventuelle sur rentabilité",
18/02/2019,FR,SENIOR GAMEPLAY PROGRAMMER,H,Paris,"63,000 €",EUR,,22,"Tickets resto, 50% transports, mutuelle",
18/02/2019,FR,SENIOR LEVEL ARTIST,H,Montpellier,"48,000 €",EUR,,24,"Tickets resto, mutuelle, prime renta",CDI
18/02/2019,FR,SENIOR LEVEL DESIGNER,H,Paris,"37,500 €",EUR,,10,"Mutuelle, transport 50%, tickets resto, avantage CE (voyages, arbre de Noël, activités, etc...), prime participation, cooptation",
13/12/2021,FR,SENIOR LEVEL DESIGNER,H,Bordeaux,"43,000 €",EUR,,10,"Tickets resto, 50% transports, mutuelle",CDI
05/12/2019,FR,SENIOR LIGHTING ARTIST,H,Lille,"49,000 €",EUR,,8,Actions,CDI
20/02/2019,FR,SENIOR ONLINE DEVELOPER,H,Paris,,EUR,,7.5,"mutuelle, tickets restos, intéressement, CE50% transports, RTT",CDI - Cadre
07/07/2020,FR,SENIOR PROGRAMMER,H,Montpellier,"44,000 €",EUR,,10,"Tickets restos, Mutuelle, horaires souples, petites primes, crédit pour acheter des jeux",CDI
19/02/2019,FR,SENIOR PROGRAMMER,H,Paris,"43,500 €",EUR,,8,,
15/03/2019,FR,SENIOR PROGRAMMER,H,Paris,"44,000 €",EUR,,9,"Tickets restos, Mutuelle, 50% transports, chèques cadeaux Noël, jeux gratuits, bonne ambiance",CDI - 35h
19/02/2019,FR,SENIOR SOUND DESIGNER,H,Lille,"36,000 €",EUR,,10,"Tickets Resto, 50% Transports, CE, Horaires flexibles",CDI
18/02/2019,FR,SENIOR SOUND DESIGNER,H,Paris,"34,000 €",EUR,,7,des gâteaux et du café,
06/03/2019,FR,SENIOR SOUND DESIGNER,H,Paris,"34,000 €",EUR,,10,"Tickets Resto, RTT, prise en charge de moitié des transports, mutuelle, heure supp",CDD
20/02/2018,FR,SENIOR SOUND DESIGNER,H,Paris,"41,000 €",EUR,,5,"Ticket resto, mutuelle, 50% transport",CDI
19/02/2022,FR,SENIOR SOUND DESIGNER,H,Paris,46 000 €,EUR,,12,"Tickets Resto, RTT, prise en charge de moitié des transports, mutuelle",CDI
18/02/2019,FR,SOUND DESIGNER,H,Bordeaux,"28,620 €",EUR,,1.8,"Tickets resto, CE, cooptation, heures sup rémun.",37h - CDD -> CDI 
18/02/2019,FR,SOUND DESIGNER,H,Bordeaux,"32,000 €",EUR,,4,"Tickets resto, CE, cooptation, heures sup rémun.",
04/03/2019,FR,SOUND DESIGNER,H,Montpellier,"25,000 €",EUR,150 €,10,,
18/02/2019,FR,SOUND DESIGNER,H,Paris,"27,000 €",EUR,,5,"tickets restau, heures supp rémunérées, mutuelle, chèques cadeaux",
19/02/2019,FR,SOUND DESIGNER,H,Paris,"30,800 €",EUR,,3,"Tickets resto, CE, jeux gratuits, prime de renta du jeu éventuelle, participation et intéressement, heures supp payées",CDI
18/02/2019,FR,SOUND DESIGNER,H,Paris,"37,000 €",EUR,300 €,5,//A,Micro Entreprise
18/02/2019,FR,SOUND DESIGNER,H,Paris,"42,000 €",EUR,,4,"Tickets resto, jeux gratuits, prime à la rentabilité","CDI 37,5h"
18/02/2019,FR,SOUND DESIGNER,H,Strasbourg,"25,000 €",EUR,,1,télétravail total / horaires libres,
19/02/2019,FR,STAGIAIRE PRODUCER ASSOCIE,H,Lyon,"10,800 €",EUR,,1,"Trasport 50%, Ticket Resto, Fruits, events 7 fois par mois, horraire easy = de 10h à 17h",CDD
18/02/2019,FR,TECHNICAL ARTIST,H,Paris,"26,400 €",EUR,,1,"50% transports, mutuelle",CDI
21/02/2019,FR,TECHNICAL ARTIST,F,Paris,"32,000 €",EUR,,3,"Mutuelle, tickets restaurants, 50% transports, primes, RTT",CDI - 37.5h
18/02/2019,FR,TECHNICAL ARTIST,F,Paris,"36,960 €",EUR,,4,ticket resto,
18/02/2019,FR,TECHNICAL ARTIST,H,Paris,"41,000 €",EUR,,8,"Transport 50%, Ticket Resto, Fruits, Heures sup rémunéré ",CDI
17/12/2020,FR,TECHNICAL ARTIST,F,Bordeaux,"30,600 €",EUR,,4,"Tickets resto (8€, 50% par l'entreprise), Transports 50%, Mutuelle (50% par l'entreprise)",CDI - 35h
17/05/2019,FR,TECHNICAL ARTIST INTERN,H,Bordeaux,"14,500 €",EUR,,0.5,"Ticket Resto (180€, non compris), transports 50%, biscuits fruits","Stage 4 mois à bac+4, milieu d'étude, 2eme stage"
08/07/2019,FR,TECHNICAL ARTIST INTERN,H,Bordeaux,2 €,EUR,,0,"Ticket resto (180€, non compris), jeux gratuits, club, fruits, formation","Stage 5 mois à bac+5, fin d'étude, 2e stage"
18/02/2019,FR,TECHNICAL LEVEL DESIGNER,H,Lyon,"27,000 €",EUR,,1,"Tickets resto, soirées, jeux gratuits...",
19/02/2019,FR,TECHNICAL LEVEL DESIGNER,H,Paris,"27,000 €",EUR,,1,"ticket resto, participation velo (au prorata du kilometrage, ~15e/mois) mutuelle",
18/02/2019,FR,TECHNICAL LEVEL DESIGNER,H,Paris,"27,600 €",EUR,,3,"Tickets restos (180€ payés à moitié par l'entreprise), chèques à Noël",
18/02/2019,FR,TECHNICAL SOUND DESIGNER,H,Montpellier,"27,000 €",EUR,,5,"
",
18/02/2019,FR,TECHNICAL SOUND DESIGNER,H,Paris,"33,000 €",EUR,,3,"Tickets Resto, Mutuelle, avantages CE, 1 RTT / mois, prime éventuelle sur rentabilité",CDI
18/02/2019,FR,TECHNICAL SOUND DESIGNER,H,Toulouse,"28,000 €",EUR,,4,"Ambiance (collègues + management), Projets variés, Permet de varier ses compétences, Cadre",
18/02/2019,FR,TECHNICAL SOUND DESIGNER,H,Toulouse,"28,000 €",EUR,,5,"polyvalence, ambiance, projets...",CDI Cadre
19/02/2019,FR,TESTEUR DÉVELOPPEMENT,H,Villeurbanne,"18,600 €",EUR,,1,,CDD - 35h
18/02/2019,FR,TEXTURE ARTIST,H,Paris,"29,000 €",EUR,,3,"50% transports, mutuelle",CDD
06/08/2020,FR,TOOLS PROGRAMMER,H,Annecy,"47,000 €",EUR,,22,"Tickets Resto, RTT, prise en charge de moitié des transports, mutuelle",CDD
18/02/2019,FR,TOOLS PROGRAMMER,H,Lille,"30,000 €",EUR,,6,"Ticket Restaurant, 50% Transport, Prime Participation, CE",
05/03/2019,FR,TOOLS PROGRAMMER,H,Paris,"32,400 €",EUR,,6,"Tickets Resto (9€), actions (en cours d'acquisition)",CDI
18/03/2019,FR,TOOLS PROGRAMMER,H,Paris,"35,100 €",EUR,,2,"Tickets Resto, RTT, prise en charge de moitié des transports, mutuelle",CDD
18/02/2019,FR,TOOLS PROGRAMMER,H,Paris,"38,400 €",EUR,,4,"Tickets Resto, Mutuelle, avantages CE, 1 RTT / mois, prime éventuelle sur rentabilité",Salarié
18/02/2019,FR,TOOLS PROGRAMMER,H,Paris,"39,600 €",EUR,,4,"50% transport, tickets resto (8€), chèques cadeau à noël, mutuelle, CE",CDI
04/09/2020,FR,TOOLS PROGRAMMER,H,Montpellier,"31,200 €",EUR,,8,"Télétravail, horaires et congés flexibles, bonus de fin de projet",CDI
04/03/2019,FR,UA CAMPAIGN MANAGER,H,Paris,"39,000 €",EUR,,3,"CE, Prime participation/rentabilité éventuelle, divers + obligations légales (tr, 50% transport, mutuelle, etc.)",CDD
17/12/2021,FR,UI DESIGNER,H,Nanterre,"31,200 €",EUR,,21,"Tickets restautants (8€), mutuelle, 50% transport, actions, 1 prime vacances par an liée à la convention collective (10% des CP), non cadre",CDI - 35h (minimum)
18/02/2019,FR,UI DESIGNER,H,Paris,"35,000 €",EUR,,7,"Transport 50%, Mutuelle, CE, Tickets Restaurants",Intermittent 37.5 h
18/02/2019,FR,UI DESIGNER,F,Paris,"38,000 €",EUR,,9," intéressement, tickets resto, primes,abondement sur fonds de placement  
Prime de fin d'année , chèques culture","CDI, 39h"
19/02/2019,FR,UI DESIGNER,H,Paris,"38,000 €",EUR,,15,"Transports 50%, Mutuelle",CDI - 37.5h
23/02/2019,FR,UI DESIGNER,F,Paris,"24,000 €",EUR,,2,Tickets resto,CDI 35h
03/03/2019,FR,UI/GP PROGRAMMER,H,Bordeaux,"31,800 €",EUR,,7,"Tickets Restaurants (9.20), 50% transport, mutuelle, cadre, intéressement, CE",CDD -> CDI 35h
07/01/2022,FR,USER RESEARCHER,F,Paris,"38,000 €",EUR,,6,"Ticket resto, 50% transports, mutuelle, CE, prime sur objectif, RTT",CDI - 39h
13/08/2021,FR,USER RESEARCHER (CONSULTING),F,Paris,"50,000 €",EUR,500.00 €,12,,Consulting (A-E)
23/02/2019,FR,UX DESIGNER,F,Paris,"30,000 €",EUR,,<1,"Tickets resto, 50% transports, mutuelle, CE, jeux gratuits.",CDD 38H
19/02/2019,FR,UX DESIGNER,F,Paris,"34,500 €",EUR,,3,"Tickets resto, jeux gratuits, prime vacances, prime de rentabilité projet...",CDD
20/02/2019,FR,UX DESIGNER,H,Paris,,EUR,,6,"Tickets resto, jeux gratuits, prime de rentabilité projet, ...",CDI / 39H
18/02/2019,FR,UX/UI DESIGNER,F,Lille,"25,200 €",EUR,,3,"Tickets restau, prime vacances, prime de participation, chèques cadeaux (Noël)",CDI - 35h
21/03/2019,FR,UX/UI DESIGNER,H,Paris,"37,000 €",EUR,,le,"Tickets resto, 50% transports, Cadre, vacances, etc",CDI Cadre
18/02/2019,FR,VFX / TECHNICAL ARTIST,H,Paris,"24,000 €",EUR,,1,"Transports 50%, Mutuelle, chèques à Noël, primes régulières, ambiance cool",CDI
14/07/2020,FR,VFX ARTIST,F,Cracovie,,EUR,,3.5,"Nourriture, carte multisport, ludotheque, cours de langue, heures supp, bonus, etc.",CDD - 40h
22/02/2019,FR,VFX ARTIST,H,Montpellier,"28,500 €",EUR,,2.5,"CE, Ticket Resto, RTT, primes, jeux gratuits, intéressements",CDD - 37h
21/02/2019,FR,VFX ARTIST,H,Paris,"36,500 €",EUR,,7,"Mutuelle, 50% transport, RTT (1/mois), Primes rentabilité",CDI 
19/02/2019,FR,VFX ARTIST,H,Paris,"58,000 €",EUR,,0.5,"Remote, vacances flexibles ( 5-6 semaines), primes",Contractor
22/02/2022,FR,VFX ARTIST,F,Bordeaux,34 000 €,EUR,,1,"Carte resto, salle de sport, prime de rentabilité, jeux gratuits, activités gratuites organisé tous les mois",CDI - 35h
07/07/2020,FR,WRITER,NB (perçu H),Province,"26,000 €",EUR,,1,"Transport 50%, Mutuelle, CE, Tickets Restaurants",CDD
06/04/2021,FR,WRITER (JUNIOR),H (perçu F),Nice,"22,500 €",EUR,,1.5,"Tickets resto, 50% transports, mutuelle, heures supplémentaires, primes",CDI
19/02/2019,FR,,F,Lille,"28,800 €",EUR,,5,"Ticket resto, 50% transports, mutuelle, CE, prime vacances, prime de participation",CDI - Cadre
31/03/2022,FR,LEVEL DESIGNER,NB (perçu.e F),Paris,26 400€,EUR,,1.5,,CDD - 39h
02/04/2022,FR,GAME DESIGNER,M,Lyon,27 600 €,EUR,,3,,CDD - 35h